{"level":"warn","message":"404 - Can't find /api/recommendations/farms/6970576a0dad5ffb1be2bdc8/ai-recommendations on this server! - /api/recommendations/farms/6970576a0dad5ffb1be2bdc8/ai-recommendations - GET - ::1","service":"farmer-ai-backend"}
{"level":"warn","message":"404 - Can't find /api/recommendations/farms/6970576a0dad5ffb1be2bdc8/ai-recommendations on this server! - /api/recommendations/farms/6970576a0dad5ffb1be2bdc8/ai-recommendations - GET - ::1","service":"farmer-ai-backend"}
{"level":"warn","message":"404 - Can't find /api/recommendations/farms/6970576a0dad5ffb1be2bdc8/ai-recommendations on this server! - /api/recommendations/farms/6970576a0dad5ffb1be2bdc8/ai-recommendations - GET - ::1","service":"farmer-ai-backend"}
{"level":"warn","message":"404 - Can't find /api/recommendations/farms/6970576a0dad5ffb1be2bdc8/ai-recommendations on this server! - /api/recommendations/farms/6970576a0dad5ffb1be2bdc8/ai-recommendations - GET - ::1","service":"farmer-ai-backend"}
{"level":"warn","message":"404 - Can't find /api/recommendations/farms/6970576a0dad5ffb1be2bdc8/ai-recommendations on this server! - /api/recommendations/farms/6970576a0dad5ffb1be2bdc8/ai-recommendations - GET - ::1","service":"farmer-ai-backend"}
{"level":"warn","message":"404 - Can't find /api/recommendations/farms/6970576a0dad5ffb1be2bdc8/ai-recommendations on this server! - /api/recommendations/farms/6970576a0dad5ffb1be2bdc8/ai-recommendations - GET - ::1","service":"farmer-ai-backend"}
{"level":"error","message":"500 - Cannot read properties of null (reading 'name') - /api/marketplace/order - POST - ::1","service":"farmer-ai-backend"}
{"level":"error","message":"TypeError: Cannot read properties of null (reading 'name')\n    at exports.createOrder (D:\\New folder\\intern\\Agri\\farmer_ai-backend\\src\\controllers\\marketplaceController.js:115:122)\n    at process.processTicksAndRejections (node:internal/process/task_queues:105:5)","service":"farmer-ai-backend"}
{"level":"error","message":"500 - Cannot read properties of null (reading 'name') - /api/marketplace/order - POST - ::1","service":"farmer-ai-backend"}
{"level":"error","message":"TypeError: Cannot read properties of null (reading 'name')\n    at exports.createOrder (D:\\New folder\\intern\\Agri\\farmer_ai-backend\\src\\controllers\\marketplaceController.js:115:122)\n    at process.processTicksAndRejections (node:internal/process/task_queues:105:5)","service":"farmer-ai-backend"}
{"level":"error","message":"500 - Cannot read properties of null (reading 'name') - /api/marketplace/order - POST - ::1","service":"farmer-ai-backend"}
{"level":"error","message":"TypeError: Cannot read properties of null (reading 'name')\n    at exports.createOrder (D:\\New folder\\intern\\Agri\\farmer_ai-backend\\src\\controllers\\marketplaceController.js:115:122)\n    at process.processTicksAndRejections (node:internal/process/task_queues:105:5)","service":"farmer-ai-backend"}
{"level":"error","message":"500 - Cannot read properties of null (reading 'name') - /api/marketplace/order - POST - ::1","service":"farmer-ai-backend"}
{"level":"error","message":"TypeError: Cannot read properties of null (reading 'name')\n    at exports.createOrder (D:\\New folder\\intern\\Agri\\farmer_ai-backend\\src\\controllers\\marketplaceController.js:115:122)\n    at process.processTicksAndRejections (node:internal/process/task_queues:105:5)","service":"farmer-ai-backend"}
{"level":"error","message":"500 - Cannot read properties of null (reading 'name') - /api/marketplace/order - POST - ::1","service":"farmer-ai-backend"}
{"level":"error","message":"TypeError: Cannot read properties of null (reading 'name')\n    at exports.createOrder (D:\\New folder\\intern\\Agri\\farmer_ai-backend\\src\\controllers\\marketplaceController.js:115:122)\n    at process.processTicksAndRejections (node:internal/process/task_queues:105:5)","service":"farmer-ai-backend"}
{"level":"error","message":"500 - Cannot read properties of null (reading 'name') - /api/marketplace/order - POST - ::1","service":"farmer-ai-backend"}
{"level":"error","message":"TypeError: Cannot read properties of null (reading 'name')\n    at exports.createOrder (D:\\New folder\\intern\\Agri\\farmer_ai-backend\\src\\controllers\\marketplaceController.js:115:122)\n    at process.processTicksAndRejections (node:internal/process/task_queues:105:5)","service":"farmer-ai-backend"}
{"level":"warn","message":"404 - Can't find /api/marketplace/orders/69711823f780d4cd6accf6d5/invoice on this server! - /api/marketplace/orders/69711823f780d4cd6accf6d5/invoice - GET - ::1","service":"farmer-ai-backend"}
{"level":"warn","message":"404 - Can't find /api/marketplace/orders/69711823f780d4cd6accf6d5/invoice on this server! - /api/marketplace/orders/69711823f780d4cd6accf6d5/invoice - GET - ::1","service":"farmer-ai-backend"}
{"level":"warn","message":"404 - Can't find /api/marketplace/saved-suppliers? on this server! - /api/marketplace/saved-suppliers? - GET - ::1","service":"farmer-ai-backend"}
{"level":"warn","message":"404 - Can't find /api/marketplace/saved-suppliers? on this server! - /api/marketplace/saved-suppliers? - GET - ::1","service":"farmer-ai-backend"}
{"level":"warn","message":"404 - Can't find /api/marketplace/saved-suppliers? on this server! - /api/marketplace/saved-suppliers? - GET - ::1","service":"farmer-ai-backend"}
{"level":"warn","message":"404 - Can't find /api/marketplace/saved-suppliers? on this server! - /api/marketplace/saved-suppliers? - GET - ::1","service":"farmer-ai-backend"}
{"level":"warn","message":"404 - Can't find /api/marketplace/saved-suppliers? on this server! - /api/marketplace/saved-suppliers? - GET - ::1","service":"farmer-ai-backend"}
{"level":"warn","message":"404 - Can't find /api/marketplace/saved-suppliers? on this server! - /api/marketplace/saved-suppliers? - GET - ::1","service":"farmer-ai-backend"}
{"level":"warn","message":"404 - Can't find /negotiations/buyer?page=1&limit=20 on this server! - /negotiations/buyer?page=1&limit=20 - GET - ::1","service":"farmer-ai-backend"}
{"level":"warn","message":"404 - Can't find /negotiations/buyer?page=1&limit=20 on this server! - /negotiations/buyer?page=1&limit=20 - GET - ::1","service":"farmer-ai-backend"}
{"level":"warn","message":"404 - Can't find /negotiations/buyer?page=1&limit=10 on this server! - /negotiations/buyer?page=1&limit=10 - GET - ::1","service":"farmer-ai-backend"}
{"level":"warn","message":"404 - Can't find /negotiations/buyer?page=1&limit=10 on this server! - /negotiations/buyer?page=1&limit=10 - GET - ::1","service":"farmer-ai-backend"}
{"level":"warn","message":"404 - Can't find /negotiations/buyer?page=1&limit=20 on this server! - /negotiations/buyer?page=1&limit=20 - GET - ::1","service":"farmer-ai-backend"}
{"level":"warn","message":"404 - Can't find /negotiations/buyer?page=1&limit=20 on this server! - /negotiations/buyer?page=1&limit=20 - GET - ::1","service":"farmer-ai-backend"}
{"level":"warn","message":"404 - Can't find /negotiations/buyer?page=1&limit=20 on this server! - /negotiations/buyer?page=1&limit=20 - GET - ::1","service":"farmer-ai-backend"}
{"level":"warn","message":"404 - Can't find /negotiations/buyer?page=1&limit=20 on this server! - /negotiations/buyer?page=1&limit=20 - GET - ::1","service":"farmer-ai-backend"}
{"level":"warn","message":"404 - Can't find /negotiations/buyer?page=1&limit=20 on this server! - /negotiations/buyer?page=1&limit=20 - GET - ::1","service":"farmer-ai-backend"}
{"level":"warn","message":"404 - Can't find /negotiations/buyer?page=1&limit=20 on this server! - /negotiations/buyer?page=1&limit=20 - GET - ::1","service":"farmer-ai-backend"}
{"level":"warn","message":"404 - Can't find /negotiations/buyer?page=1&limit=10 on this server! - /negotiations/buyer?page=1&limit=10 - GET - ::1","service":"farmer-ai-backend"}
{"level":"warn","message":"404 - Can't find /negotiations/buyer?page=1&limit=10 on this server! - /negotiations/buyer?page=1&limit=10 - GET - ::1","service":"farmer-ai-backend"}
{"level":"warn","message":"404 - Can't find /negotiations/buyer?page=1&limit=10 on this server! - /negotiations/buyer?page=1&limit=10 - GET - ::1","service":"farmer-ai-backend"}
{"level":"warn","message":"404 - Can't find /negotiations/buyer?page=1&limit=10 on this server! - /negotiations/buyer?page=1&limit=10 - GET - ::1","service":"farmer-ai-backend"}
{"level":"warn","message":"404 - Can't find /negotiations/buyer?page=1&limit=20 on this server! - /negotiations/buyer?page=1&limit=20 - GET - ::1","service":"farmer-ai-backend"}
{"level":"warn","message":"404 - Can't find /negotiations/buyer?page=1&limit=20 on this server! - /negotiations/buyer?page=1&limit=20 - GET - ::1","service":"farmer-ai-backend"}
{"level":"warn","message":"404 - Can't find /negotiations/buyer?page=1&limit=10 on this server! - /negotiations/buyer?page=1&limit=10 - GET - ::1","service":"farmer-ai-backend"}
{"level":"warn","message":"404 - Can't find /negotiations/buyer?page=1&limit=10 on this server! - /negotiations/buyer?page=1&limit=10 - GET - ::1","service":"farmer-ai-backend"}
{"level":"warn","message":"404 - Can't find /negotiations/buyer?page=1&limit=10 on this server! - /negotiations/buyer?page=1&limit=10 - GET - ::1","service":"farmer-ai-backend"}
{"level":"warn","message":"404 - Can't find /negotiations/buyer?page=1&limit=10 on this server! - /negotiations/buyer?page=1&limit=10 - GET - ::1","service":"farmer-ai-backend"}
{"level":"warn","message":"404 - Can't find /negotiations/buyer?page=1&limit=10 on this server! - /negotiations/buyer?page=1&limit=10 - GET - ::1","service":"farmer-ai-backend"}
{"level":"warn","message":"404 - Can't find /negotiations/buyer?page=1&limit=10 on this server! - /negotiations/buyer?page=1&limit=10 - GET - ::1","service":"farmer-ai-backend"}
{"level":"warn","message":"404 - Can't find /negotiations/buyer?page=1&limit=20 on this server! - /negotiations/buyer?page=1&limit=20 - GET - ::1","service":"farmer-ai-backend"}
{"level":"warn","message":"404 - Can't find /negotiations/buyer?page=1&limit=20 on this server! - /negotiations/buyer?page=1&limit=20 - GET - ::1","service":"farmer-ai-backend"}
{"level":"warn","message":"404 - Can't find /negotiations/buyer?page=1&limit=10 on this server! - /negotiations/buyer?page=1&limit=10 - GET - ::1","service":"farmer-ai-backend"}
{"level":"warn","message":"404 - Can't find /negotiations/buyer?page=1&limit=10 on this server! - /negotiations/buyer?page=1&limit=10 - GET - ::1","service":"farmer-ai-backend"}
{"level":"warn","message":"404 - Can't find /negotiations/buyer?page=1&limit=10 on this server! - /negotiations/buyer?page=1&limit=10 - GET - ::1","service":"farmer-ai-backend"}
{"level":"warn","message":"404 - Can't find /negotiations/buyer?page=1&limit=10 on this server! - /negotiations/buyer?page=1&limit=10 - GET - ::1","service":"farmer-ai-backend"}
{"level":"warn","message":"404 - Can't find /negotiations/buyer?page=1&limit=20 on this server! - /negotiations/buyer?page=1&limit=20 - GET - ::1","service":"farmer-ai-backend"}
{"level":"warn","message":"404 - Can't find /negotiations/buyer?page=1&limit=20 on this server! - /negotiations/buyer?page=1&limit=20 - GET - ::1","service":"farmer-ai-backend"}
{"level":"warn","message":"404 - Can't find /negotiations/buyer?page=1&limit=10 on this server! - /negotiations/buyer?page=1&limit=10 - GET - ::1","service":"farmer-ai-backend"}
{"level":"warn","message":"404 - Can't find /negotiations/buyer?page=1&limit=10 on this server! - /negotiations/buyer?page=1&limit=10 - GET - ::1","service":"farmer-ai-backend"}
{"level":"warn","message":"404 - Can't find /negotiations/buyer?page=1&limit=10 on this server! - /negotiations/buyer?page=1&limit=10 - GET - ::1","service":"farmer-ai-backend"}
{"level":"warn","message":"404 - Can't find /negotiations/buyer?page=1&limit=10 on this server! - /negotiations/buyer?page=1&limit=10 - GET - ::1","service":"farmer-ai-backend"}
{"level":"warn","message":"404 - Can't find /negotiations/buyer?page=1&limit=10 on this server! - /negotiations/buyer?page=1&limit=10 - GET - ::1","service":"farmer-ai-backend"}
{"level":"warn","message":"404 - Can't find /negotiations/buyer?page=1&limit=10 on this server! - /negotiations/buyer?page=1&limit=10 - GET - ::1","service":"farmer-ai-backend"}
{"level":"warn","message":"404 - Can't find /negotiations/buyer?page=1&limit=10 on this server! - /negotiations/buyer?page=1&limit=10 - GET - ::1","service":"farmer-ai-backend"}
{"level":"warn","message":"404 - Can't find /negotiations/buyer?page=1&limit=10 on this server! - /negotiations/buyer?page=1&limit=10 - GET - ::1","service":"farmer-ai-backend"}
{"level":"warn","message":"404 - Can't find /negotiations on this server! - /negotiations - POST - ::1","service":"farmer-ai-backend"}
{"level":"warn","message":"404 - Can't find /api/negotiations on this server! - /api/negotiations - POST - ::1","service":"farmer-ai-backend"}
{"level":"warn","message":"404 - Can't find /api/negotiations on this server! - /api/negotiations - POST - ::1","service":"farmer-ai-backend"}
{"level":"warn","message":"404 - Can't find /api/negotiations on this server! - /api/negotiations - POST - ::1","service":"farmer-ai-backend"}
{"level":"error","message":"500 - Order validation failed: orderGroupId: Path `orderGroupId` is required. - /api/marketplace/orders/6967575b889952eefb9175dc/cancel - POST - ::1","service":"farmer-ai-backend"}
{"level":"error","message":"ValidationError: Order validation failed: orderGroupId: Path `orderGroupId` is required.\n    at Document.invalidate (D:\\New folder\\intern\\Agri\\farmer_ai-backend\\node_modules\\mongoose\\lib\\document.js:3377:32)\n    at validatePath (D:\\New folder\\intern\\Agri\\farmer_ai-backend\\node_modules\\mongoose\\lib\\document.js:3152:13)\n    at process.processTicksAndRejections (node:internal/process/task_queues:105:5)\n    at async Promise.all (index 0)\n    at async model.$__validate (D:\\New folder\\intern\\Agri\\farmer_ai-backend\\node_modules\\mongoose\\lib\\document.js:3093:3)\n    at async model.validate (D:\\New folder\\intern\\Agri\\farmer_ai-backend\\node_modules\\mongoose\\lib\\document.js:2670:5)\n    at async model.validateBeforeSave (D:\\New folder\\intern\\Agri\\farmer_ai-backend\\node_modules\\mongoose\\lib\\plugins\\validateBeforeSave.js:34:7)\n    at async Kareem.execPre (D:\\New folder\\intern\\Agri\\farmer_ai-backend\\node_modules\\kareem\\index.js:65:24)\n    at async model.$__save (D:\\New folder\\intern\\Agri\\farmer_ai-backend\\node_modules\\mongoose\\lib\\model.js:369:5)\n    at async model.save (D:\\New folder\\intern\\Agri\\farmer_ai-backend\\node_modules\\mongoose\\lib\\model.js:609:5)","service":"farmer-ai-backend"}
{"level":"error","message":"500 - Order validation failed: orderGroupId: Path `orderGroupId` is required. - /api/marketplace/orders/6967575b889952eefb9175dc/cancel - POST - ::1","service":"farmer-ai-backend"}
{"level":"error","message":"ValidationError: Order validation failed: orderGroupId: Path `orderGroupId` is required.\n    at Document.invalidate (D:\\New folder\\intern\\Agri\\farmer_ai-backend\\node_modules\\mongoose\\lib\\document.js:3377:32)\n    at validatePath (D:\\New folder\\intern\\Agri\\farmer_ai-backend\\node_modules\\mongoose\\lib\\document.js:3152:13)\n    at process.processTicksAndRejections (node:internal/process/task_queues:105:5)\n    at async Promise.all (index 0)\n    at async model.$__validate (D:\\New folder\\intern\\Agri\\farmer_ai-backend\\node_modules\\mongoose\\lib\\document.js:3093:3)\n    at async model.validate (D:\\New folder\\intern\\Agri\\farmer_ai-backend\\node_modules\\mongoose\\lib\\document.js:2670:5)\n    at async model.validateBeforeSave (D:\\New folder\\intern\\Agri\\farmer_ai-backend\\node_modules\\mongoose\\lib\\plugins\\validateBeforeSave.js:34:7)\n    at async Kareem.execPre (D:\\New folder\\intern\\Agri\\farmer_ai-backend\\node_modules\\kareem\\index.js:65:24)\n    at async model.$__save (D:\\New folder\\intern\\Agri\\farmer_ai-backend\\node_modules\\mongoose\\lib\\model.js:369:5)\n    at async model.save (D:\\New folder\\intern\\Agri\\farmer_ai-backend\\node_modules\\mongoose\\lib\\model.js:609:5)","service":"farmer-ai-backend"}
{"level":"error","message":"500 - Order validation failed: orderGroupId: Path `orderGroupId` is required. - /api/marketplace/orders/6967575b889952eefb9175dc/cancel - POST - ::1","service":"farmer-ai-backend"}
{"level":"error","message":"ValidationError: Order validation failed: orderGroupId: Path `orderGroupId` is required.\n    at Document.invalidate (D:\\New folder\\intern\\Agri\\farmer_ai-backend\\node_modules\\mongoose\\lib\\document.js:3377:32)\n    at validatePath (D:\\New folder\\intern\\Agri\\farmer_ai-backend\\node_modules\\mongoose\\lib\\document.js:3152:13)\n    at process.processTicksAndRejections (node:internal/process/task_queues:105:5)\n    at async Promise.all (index 0)\n    at async model.$__validate (D:\\New folder\\intern\\Agri\\farmer_ai-backend\\node_modules\\mongoose\\lib\\document.js:3093:3)\n    at async model.validate (D:\\New folder\\intern\\Agri\\farmer_ai-backend\\node_modules\\mongoose\\lib\\document.js:2670:5)\n    at async model.validateBeforeSave (D:\\New folder\\intern\\Agri\\farmer_ai-backend\\node_modules\\mongoose\\lib\\plugins\\validateBeforeSave.js:34:7)\n    at async Kareem.execPre (D:\\New folder\\intern\\Agri\\farmer_ai-backend\\node_modules\\kareem\\index.js:65:24)\n    at async model.$__save (D:\\New folder\\intern\\Agri\\farmer_ai-backend\\node_modules\\mongoose\\lib\\model.js:369:5)\n    at async model.save (D:\\New folder\\intern\\Agri\\farmer_ai-backend\\node_modules\\mongoose\\lib\\model.js:609:5)","service":"farmer-ai-backend"}
{"level":"error","message":"500 - Order validation failed: orderGroupId: Path `orderGroupId` is required. - /api/marketplace/orders/6967575b889952eefb9175dc/cancel - POST - ::1","service":"farmer-ai-backend"}
{"level":"error","message":"ValidationError: Order validation failed: orderGroupId: Path `orderGroupId` is required.\n    at Document.invalidate (D:\\New folder\\intern\\Agri\\farmer_ai-backend\\node_modules\\mongoose\\lib\\document.js:3377:32)\n    at validatePath (D:\\New folder\\intern\\Agri\\farmer_ai-backend\\node_modules\\mongoose\\lib\\document.js:3152:13)\n    at process.processTicksAndRejections (node:internal/process/task_queues:105:5)\n    at async Promise.all (index 0)\n    at async model.$__validate (D:\\New folder\\intern\\Agri\\farmer_ai-backend\\node_modules\\mongoose\\lib\\document.js:3093:3)\n    at async model.validate (D:\\New folder\\intern\\Agri\\farmer_ai-backend\\node_modules\\mongoose\\lib\\document.js:2670:5)\n    at async model.validateBeforeSave (D:\\New folder\\intern\\Agri\\farmer_ai-backend\\node_modules\\mongoose\\lib\\plugins\\validateBeforeSave.js:34:7)\n    at async Kareem.execPre (D:\\New folder\\intern\\Agri\\farmer_ai-backend\\node_modules\\kareem\\index.js:65:24)\n    at async model.$__save (D:\\New folder\\intern\\Agri\\farmer_ai-backend\\node_modules\\mongoose\\lib\\model.js:369:5)\n    at async model.save (D:\\New folder\\intern\\Agri\\farmer_ai-backend\\node_modules\\mongoose\\lib\\model.js:609:5)","service":"farmer-ai-backend"}
{"level":"warn","message":"404 - Can't find /api/placeholder/60/60 on this server! - /api/placeholder/60/60 - GET - ::1","service":"farmer-ai-backend"}
{"level":"warn","message":"404 - Can't find /api/placeholder/60/60 on this server! - /api/placeholder/60/60 - GET - ::1","service":"farmer-ai-backend"}
{"level":"warn","message":"404 - Can't find /api/placeholder/80/80 on this server! - /api/placeholder/80/80 - GET - ::1","service":"farmer-ai-backend"}
{"level":"warn","message":"404 - Can't find /api/placeholder/60/60 on this server! - /api/placeholder/60/60 - GET - ::1","service":"farmer-ai-backend"}
{"level":"warn","message":"404 - Can't find /api/placeholder/60/60 on this server! - /api/placeholder/60/60 - GET - ::1","service":"farmer-ai-backend"}
{"level":"warn","message":"404 - Can't find /api/placeholder/80/80 on this server! - /api/placeholder/80/80 - GET - ::1","service":"farmer-ai-backend"}
{"level":"warn","message":"404 - Can't find /api/placeholder/60/60 on this server! - /api/placeholder/60/60 - GET - ::1","service":"farmer-ai-backend"}
{"level":"warn","message":"404 - Can't find /api/placeholder/60/60 on this server! - /api/placeholder/60/60 - GET - ::1","service":"farmer-ai-backend"}
{"level":"warn","message":"404 - Can't find /api/placeholder/80/80 on this server! - /api/placeholder/80/80 - GET - ::1","service":"farmer-ai-backend"}
{"level":"warn","message":"404 - Can't find /api/placeholder/60/60 on this server! - /api/placeholder/60/60 - GET - ::1","service":"farmer-ai-backend"}
{"level":"warn","message":"404 - Can't find /api/placeholder/80/80 on this server! - /api/placeholder/80/80 - GET - ::1","service":"farmer-ai-backend"}
{"level":"warn","message":"404 - Can't find /api/placeholder/80/80 on this server! - /api/placeholder/80/80 - GET - ::1","service":"farmer-ai-backend"}
{"level":"warn","message":"404 - Can't find /api/placeholder/80/80 on this server! - /api/placeholder/80/80 - GET - ::1","service":"farmer-ai-backend"}
{"level":"warn","message":"404 - Can't find /api/placeholder/80/80 on this server! - /api/placeholder/80/80 - GET - ::1","service":"farmer-ai-backend"}
{"level":"warn","message":"404 - Can't find /api/placeholder/80/80 on this server! - /api/placeholder/80/80 - GET - ::1","service":"farmer-ai-backend"}
{"level":"warn","message":"404 - Can't find /api/placeholder/80/80 on this server! - /api/placeholder/80/80 - GET - ::1","service":"farmer-ai-backend"}
{"level":"warn","message":"404 - Can't find /api/placeholder/80/80 on this server! - /api/placeholder/80/80 - GET - ::1","service":"farmer-ai-backend"}
{"level":"warn","message":"404 - Can't find /api/placeholder/80/80 on this server! - /api/placeholder/80/80 - GET - ::1","service":"farmer-ai-backend"}
{"level":"warn","message":"404 - Can't find /api/placeholder/80/80 on this server! - /api/placeholder/80/80 - GET - ::1","service":"farmer-ai-backend"}
{"level":"warn","message":"404 - Can't find /api/placeholder/80/80 on this server! - /api/placeholder/80/80 - GET - ::1","service":"farmer-ai-backend"}
{"level":"warn","message":"404 - Can't find /api/placeholder/80/80 on this server! - /api/placeholder/80/80 - GET - ::1","service":"farmer-ai-backend"}
{"level":"warn","message":"404 - Can't find /api/placeholder/80/80 on this server! - /api/placeholder/80/80 - GET - ::1","service":"farmer-ai-backend"}
{"level":"warn","message":"404 - Can't find /api/placeholder/80/80 on this server! - /api/placeholder/80/80 - GET - ::1","service":"farmer-ai-backend"}
{"level":"warn","message":"404 - Can't find /api/placeholder/80/80 on this server! - /api/placeholder/80/80 - GET - ::1","service":"farmer-ai-backend"}
{"level":"warn","message":"404 - Can't find /api/placeholder/80/80 on this server! - /api/placeholder/80/80 - GET - ::1","service":"farmer-ai-backend"}
{"level":"warn","message":"404 - Can't find /api/placeholder/80/80 on this server! - /api/placeholder/80/80 - GET - ::1","service":"farmer-ai-backend"}
{"level":"warn","message":"404 - Can't find /api/placeholder/80/80 on this server! - /api/placeholder/80/80 - GET - ::1","service":"farmer-ai-backend"}
{"level":"warn","message":"404 - Can't find /api/placeholder/80/80 on this server! - /api/placeholder/80/80 - GET - ::1","service":"farmer-ai-backend"}
{"level":"warn","message":"404 - Can't find /api/placeholder/80/80 on this server! - /api/placeholder/80/80 - GET - ::1","service":"farmer-ai-backend"}
{"level":"warn","message":"404 - Can't find /api/placeholder/80/80 on this server! - /api/placeholder/80/80 - GET - ::1","service":"farmer-ai-backend"}
{"level":"warn","message":"404 - Can't find /api/placeholder/80/80 on this server! - /api/placeholder/80/80 - GET - ::1","service":"farmer-ai-backend"}
{"level":"warn","message":"404 - Can't find /api/placeholder/80/80 on this server! - /api/placeholder/80/80 - GET - ::1","service":"farmer-ai-backend"}
{"level":"warn","message":"404 - Can't find /api/placeholder/80/80 on this server! - /api/placeholder/80/80 - GET - ::1","service":"farmer-ai-backend"}
{"level":"warn","message":"404 - Can't find /api/placeholder/80/80 on this server! - /api/placeholder/80/80 - GET - ::1","service":"farmer-ai-backend"}
{"level":"warn","message":"404 - Can't find /api/placeholder/80/80 on this server! - /api/placeholder/80/80 - GET - ::1","service":"farmer-ai-backend"}
{"level":"warn","message":"404 - Can't find /api/placeholder/80/80 on this server! - /api/placeholder/80/80 - GET - ::1","service":"farmer-ai-backend"}
{"level":"warn","message":"404 - Can't find /api/placeholder/80/80 on this server! - /api/placeholder/80/80 - GET - ::1","service":"farmer-ai-backend"}
{"level":"warn","message":"404 - Can't find /api/placeholder/80/80 on this server! - /api/placeholder/80/80 - GET - ::1","service":"farmer-ai-backend"}
{"level":"warn","message":"404 - Can't find /api/placeholder/80/80 on this server! - /api/placeholder/80/80 - GET - ::1","service":"farmer-ai-backend"}
{"level":"warn","message":"404 - Can't find /api/placeholder/80/80 on this server! - /api/placeholder/80/80 - GET - ::1","service":"farmer-ai-backend"}
{"level":"warn","message":"404 - Can't find /api/placeholder/80/80 on this server! - /api/placeholder/80/80 - GET - ::1","service":"farmer-ai-backend"}
{"level":"warn","message":"404 - Can't find /api/placeholder/80/80 on this server! - /api/placeholder/80/80 - GET - ::1","service":"farmer-ai-backend"}
{"level":"warn","message":"404 - Can't find /api/placeholder/80/80 on this server! - /api/placeholder/80/80 - GET - ::1","service":"farmer-ai-backend"}
{"level":"warn","message":"404 - Can't find /api/placeholder/80/80 on this server! - /api/placeholder/80/80 - GET - ::1","service":"farmer-ai-backend"}
{"level":"warn","message":"404 - Can't find /api/placeholder/80/80 on this server! - /api/placeholder/80/80 - GET - ::1","service":"farmer-ai-backend"}
{"level":"warn","message":"404 - Can't find /api/placeholder/80/80 on this server! - /api/placeholder/80/80 - GET - ::1","service":"farmer-ai-backend"}
{"level":"warn","message":"404 - Can't find /api/placeholder/80/80 on this server! - /api/placeholder/80/80 - GET - ::1","service":"farmer-ai-backend"}
{"level":"warn","message":"404 - Can't find /api/placeholder/80/80 on this server! - /api/placeholder/80/80 - GET - ::1","service":"farmer-ai-backend"}
{"level":"warn","message":"404 - Can't find /api/placeholder/80/80 on this server! - /api/placeholder/80/80 - GET - ::1","service":"farmer-ai-backend"}
{"level":"warn","message":"404 - Can't find /api/placeholder/80/80 on this server! - /api/placeholder/80/80 - GET - ::1","service":"farmer-ai-backend"}
{"level":"warn","message":"404 - Can't find /api/placeholder/80/80 on this server! - /api/placeholder/80/80 - GET - ::1","service":"farmer-ai-backend"}
{"level":"warn","message":"404 - Can't find /api/placeholder/80/80 on this server! - /api/placeholder/80/80 - GET - ::1","service":"farmer-ai-backend"}
{"level":"warn","message":"404 - Can't find /api/placeholder/80/80 on this server! - /api/placeholder/80/80 - GET - ::1","service":"farmer-ai-backend"}
{"level":"warn","message":"404 - Can't find /api/placeholder/80/80 on this server! - /api/placeholder/80/80 - GET - ::1","service":"farmer-ai-backend"}
{"level":"warn","message":"404 - Can't find /api/placeholder/80/80 on this server! - /api/placeholder/80/80 - GET - ::1","service":"farmer-ai-backend"}
{"level":"warn","message":"404 - Can't find /api/placeholder/80/80 on this server! - /api/placeholder/80/80 - GET - ::1","service":"farmer-ai-backend"}
{"level":"warn","message":"404 - Can't find /api/placeholder/80/80 on this server! - /api/placeholder/80/80 - GET - ::1","service":"farmer-ai-backend"}
{"level":"warn","message":"404 - Can't find /api/placeholder/80/80 on this server! - /api/placeholder/80/80 - GET - ::1","service":"farmer-ai-backend"}
{"level":"warn","message":"404 - Can't find /api/placeholder/80/80 on this server! - /api/placeholder/80/80 - GET - ::1","service":"farmer-ai-backend"}
{"level":"warn","message":"404 - Can't find /api/placeholder/80/80 on this server! - /api/placeholder/80/80 - GET - ::1","service":"farmer-ai-backend"}
{"level":"warn","message":"404 - Can't find /api/placeholder/80/80 on this server! - /api/placeholder/80/80 - GET - ::1","service":"farmer-ai-backend"}
{"level":"warn","message":"404 - Can't find /api/placeholder/80/80 on this server! - /api/placeholder/80/80 - GET - ::1","service":"farmer-ai-backend"}
{"level":"warn","message":"404 - Can't find /api/placeholder/80/80 on this server! - /api/placeholder/80/80 - GET - ::1","service":"farmer-ai-backend"}
{"level":"warn","message":"404 - Can't find /api/placeholder/80/80 on this server! - /api/placeholder/80/80 - GET - ::1","service":"farmer-ai-backend"}
{"level":"warn","message":"404 - Can't find /api/placeholder/80/80 on this server! - /api/placeholder/80/80 - GET - ::1","service":"farmer-ai-backend"}
{"level":"warn","message":"404 - Can't find /api/placeholder/80/80 on this server! - /api/placeholder/80/80 - GET - ::1","service":"farmer-ai-backend"}
{"level":"warn","message":"404 - Can't find /api/placeholder/80/80 on this server! - /api/placeholder/80/80 - GET - ::1","service":"farmer-ai-backend"}
{"level":"warn","message":"404 - Can't find /api/placeholder/80/80 on this server! - /api/placeholder/80/80 - GET - ::1","service":"farmer-ai-backend"}
{"level":"warn","message":"404 - Can't find /api/placeholder/80/80 on this server! - /api/placeholder/80/80 - GET - ::1","service":"farmer-ai-backend"}
{"level":"warn","message":"404 - Can't find /api/placeholder/80/80 on this server! - /api/placeholder/80/80 - GET - ::1","service":"farmer-ai-backend"}
{"level":"warn","message":"404 - Can't find /api/placeholder/80/80 on this server! - /api/placeholder/80/80 - GET - ::1","service":"farmer-ai-backend"}
{"level":"warn","message":"404 - Can't find /api/placeholder/80/80 on this server! - /api/placeholder/80/80 - GET - ::1","service":"farmer-ai-backend"}
{"level":"warn","message":"404 - Can't find /api/placeholder/80/80 on this server! - /api/placeholder/80/80 - GET - ::1","service":"farmer-ai-backend"}
{"level":"warn","message":"404 - Can't find /api/placeholder/80/80 on this server! - /api/placeholder/80/80 - GET - ::1","service":"farmer-ai-backend"}
{"level":"warn","message":"404 - Can't find /api/placeholder/80/80 on this server! - /api/placeholder/80/80 - GET - ::1","service":"farmer-ai-backend"}
{"level":"warn","message":"404 - Can't find /api/placeholder/80/80 on this server! - /api/placeholder/80/80 - GET - ::1","service":"farmer-ai-backend"}
{"level":"warn","message":"404 - Can't find /api/placeholder/80/80 on this server! - /api/placeholder/80/80 - GET - ::1","service":"farmer-ai-backend"}
{"level":"warn","message":"404 - Can't find /api/placeholder/80/80 on this server! - /api/placeholder/80/80 - GET - ::1","service":"farmer-ai-backend"}
{"level":"warn","message":"404 - Can't find /api/placeholder/80/80 on this server! - /api/placeholder/80/80 - GET - ::1","service":"farmer-ai-backend"}
{"level":"warn","message":"404 - Can't find /api/placeholder/80/80 on this server! - /api/placeholder/80/80 - GET - ::1","service":"farmer-ai-backend"}
{"level":"warn","message":"404 - Can't find /api/placeholder/80/80 on this server! - /api/placeholder/80/80 - GET - ::1","service":"farmer-ai-backend"}
{"level":"warn","message":"404 - Can't find /api/placeholder/80/80 on this server! - /api/placeholder/80/80 - GET - ::1","service":"farmer-ai-backend"}
{"level":"warn","message":"404 - Can't find /api/placeholder/80/80 on this server! - /api/placeholder/80/80 - GET - ::1","service":"farmer-ai-backend"}
{"level":"warn","message":"404 - Can't find /api/placeholder/80/80 on this server! - /api/placeholder/80/80 - GET - ::1","service":"farmer-ai-backend"}
{"level":"warn","message":"404 - Can't find /api/placeholder/80/80 on this server! - /api/placeholder/80/80 - GET - ::1","service":"farmer-ai-backend"}
{"level":"warn","message":"404 - Can't find /api/placeholder/80/80 on this server! - /api/placeholder/80/80 - GET - ::1","service":"farmer-ai-backend"}
{"level":"warn","message":"404 - Can't find /api/placeholder/80/80 on this server! - /api/placeholder/80/80 - GET - ::1","service":"farmer-ai-backend"}
{"level":"warn","message":"404 - Can't find /api/placeholder/80/80 on this server! - /api/placeholder/80/80 - GET - ::1","service":"farmer-ai-backend"}
{"level":"warn","message":"404 - Can't find /api/placeholder/80/80 on this server! - /api/placeholder/80/80 - GET - ::1","service":"farmer-ai-backend"}
{"level":"warn","message":"404 - Can't find /api/placeholder/80/80 on this server! - /api/placeholder/80/80 - GET - ::1","service":"farmer-ai-backend"}
{"level":"warn","message":"404 - Can't find /api/placeholder/80/80 on this server! - /api/placeholder/80/80 - GET - ::1","service":"farmer-ai-backend"}
{"level":"warn","message":"404 - Can't find /api/placeholder/80/80 on this server! - /api/placeholder/80/80 - GET - ::1","service":"farmer-ai-backend"}
{"level":"warn","message":"404 - Can't find /api/placeholder/80/80 on this server! - /api/placeholder/80/80 - GET - ::1","service":"farmer-ai-backend"}
{"level":"warn","message":"404 - Can't find /api/placeholder/80/80 on this server! - /api/placeholder/80/80 - GET - ::1","service":"farmer-ai-backend"}
{"level":"warn","message":"404 - Can't find /api/placeholder/80/80 on this server! - /api/placeholder/80/80 - GET - ::1","service":"farmer-ai-backend"}
{"level":"warn","message":"404 - Can't find /api/placeholder/80/80 on this server! - /api/placeholder/80/80 - GET - ::1","service":"farmer-ai-backend"}
{"level":"warn","message":"404 - Can't find /api/placeholder/80/80 on this server! - /api/placeholder/80/80 - GET - ::1","service":"farmer-ai-backend"}
{"level":"warn","message":"404 - Can't find /api/placeholder/80/80 on this server! - /api/placeholder/80/80 - GET - ::1","service":"farmer-ai-backend"}
{"level":"warn","message":"404 - Can't find /api/placeholder/80/80 on this server! - /api/placeholder/80/80 - GET - ::1","service":"farmer-ai-backend"}
{"level":"warn","message":"404 - Can't find /api/placeholder/80/80 on this server! - /api/placeholder/80/80 - GET - ::1","service":"farmer-ai-backend"}
{"level":"warn","message":"404 - Can't find /api/placeholder/80/80 on this server! - /api/placeholder/80/80 - GET - ::1","service":"farmer-ai-backend"}
{"level":"warn","message":"404 - Can't find /api/placeholder/80/80 on this server! - /api/placeholder/80/80 - GET - ::1","service":"farmer-ai-backend"}
{"level":"warn","message":"404 - Can't find /api/placeholder/80/80 on this server! - /api/placeholder/80/80 - GET - ::1","service":"farmer-ai-backend"}
{"level":"warn","message":"404 - Can't find /api/placeholder/80/80 on this server! - /api/placeholder/80/80 - GET - ::1","service":"farmer-ai-backend"}
{"level":"warn","message":"404 - Can't find /api/placeholder/80/80 on this server! - /api/placeholder/80/80 - GET - ::1","service":"farmer-ai-backend"}
{"level":"warn","message":"404 - Can't find /api/placeholder/80/80 on this server! - /api/placeholder/80/80 - GET - ::1","service":"farmer-ai-backend"}
{"level":"warn","message":"404 - Can't find /api/placeholder/80/80 on this server! - /api/placeholder/80/80 - GET - ::1","service":"farmer-ai-backend"}
{"level":"warn","message":"404 - Can't find /api/placeholder/80/80 on this server! - /api/placeholder/80/80 - GET - ::1","service":"farmer-ai-backend"}
{"level":"warn","message":"404 - Can't find /api/placeholder/80/80 on this server! - /api/placeholder/80/80 - GET - ::1","service":"farmer-ai-backend"}
{"level":"warn","message":"404 - Can't find /api/placeholder/80/80 on this server! - /api/placeholder/80/80 - GET - ::1","service":"farmer-ai-backend"}
{"level":"warn","message":"404 - Can't find /api/placeholder/80/80 on this server! - /api/placeholder/80/80 - GET - ::1","service":"farmer-ai-backend"}
{"level":"warn","message":"404 - Can't find /api/placeholder/80/80 on this server! - /api/placeholder/80/80 - GET - ::1","service":"farmer-ai-backend"}
{"level":"warn","message":"404 - Can't find /api/placeholder/80/80 on this server! - /api/placeholder/80/80 - GET - ::1","service":"farmer-ai-backend"}
{"level":"warn","message":"404 - Can't find /api/placeholder/80/80 on this server! - /api/placeholder/80/80 - GET - ::1","service":"farmer-ai-backend"}
{"level":"warn","message":"404 - Can't find /api/placeholder/80/80 on this server! - /api/placeholder/80/80 - GET - ::1","service":"farmer-ai-backend"}
{"level":"warn","message":"404 - Can't find /api/placeholder/80/80 on this server! - /api/placeholder/80/80 - GET - ::1","service":"farmer-ai-backend"}
{"level":"warn","message":"404 - Can't find /api/placeholder/80/80 on this server! - /api/placeholder/80/80 - GET - ::1","service":"farmer-ai-backend"}
{"level":"warn","message":"404 - Can't find /api/placeholder/80/80 on this server! - /api/placeholder/80/80 - GET - ::1","service":"farmer-ai-backend"}
{"level":"warn","message":"404 - Can't find /api/placeholder/80/80 on this server! - /api/placeholder/80/80 - GET - ::1","service":"farmer-ai-backend"}
{"level":"warn","message":"404 - Can't find /api/placeholder/80/80 on this server! - /api/placeholder/80/80 - GET - ::1","service":"farmer-ai-backend"}
{"level":"warn","message":"404 - Can't find /api/placeholder/80/80 on this server! - /api/placeholder/80/80 - GET - ::1","service":"farmer-ai-backend"}
{"level":"warn","message":"404 - Can't find /api/placeholder/80/80 on this server! - /api/placeholder/80/80 - GET - ::1","service":"farmer-ai-backend"}
{"level":"warn","message":"404 - Can't find /api/placeholder/80/80 on this server! - /api/placeholder/80/80 - GET - ::1","service":"farmer-ai-backend"}
{"level":"warn","message":"404 - Can't find /api/placeholder/80/80 on this server! - /api/placeholder/80/80 - GET - ::1","service":"farmer-ai-backend"}
{"level":"warn","message":"404 - Can't find /api/placeholder/80/80 on this server! - /api/placeholder/80/80 - GET - ::1","service":"farmer-ai-backend"}
{"level":"warn","message":"404 - Can't find /api/placeholder/80/80 on this server! - /api/placeholder/80/80 - GET - ::1","service":"farmer-ai-backend"}
{"level":"warn","message":"404 - Can't find /api/placeholder/80/80 on this server! - /api/placeholder/80/80 - GET - ::1","service":"farmer-ai-backend"}
{"level":"warn","message":"404 - Can't find /api/placeholder/80/80 on this server! - /api/placeholder/80/80 - GET - ::1","service":"farmer-ai-backend"}
{"level":"warn","message":"404 - Can't find /api/placeholder/80/80 on this server! - /api/placeholder/80/80 - GET - ::1","service":"farmer-ai-backend"}
{"level":"warn","message":"404 - Can't find /api/placeholder/80/80 on this server! - /api/placeholder/80/80 - GET - ::1","service":"farmer-ai-backend"}
{"level":"warn","message":"404 - Can't find /api/placeholder/80/80 on this server! - /api/placeholder/80/80 - GET - ::1","service":"farmer-ai-backend"}
{"level":"warn","message":"404 - Can't find /api/placeholder/80/80 on this server! - /api/placeholder/80/80 - GET - ::1","service":"farmer-ai-backend"}
{"level":"warn","message":"404 - Can't find /api/placeholder/80/80 on this server! - /api/placeholder/80/80 - GET - ::1","service":"farmer-ai-backend"}
{"level":"warn","message":"404 - Can't find /api/placeholder/80/80 on this server! - /api/placeholder/80/80 - GET - ::1","service":"farmer-ai-backend"}
{"level":"warn","message":"404 - Can't find /api/placeholder/80/80 on this server! - /api/placeholder/80/80 - GET - ::1","service":"farmer-ai-backend"}
{"level":"warn","message":"404 - Can't find /api/placeholder/80/80 on this server! - /api/placeholder/80/80 - GET - ::1","service":"farmer-ai-backend"}
{"level":"warn","message":"404 - Can't find /api/placeholder/80/80 on this server! - /api/placeholder/80/80 - GET - ::1","service":"farmer-ai-backend"}
{"level":"warn","message":"404 - Can't find /api/placeholder/80/80 on this server! - /api/placeholder/80/80 - GET - ::1","service":"farmer-ai-backend"}
{"level":"warn","message":"404 - Can't find /api/placeholder/80/80 on this server! - /api/placeholder/80/80 - GET - ::1","service":"farmer-ai-backend"}
{"level":"warn","message":"404 - Can't find /api/placeholder/80/80 on this server! - /api/placeholder/80/80 - GET - ::1","service":"farmer-ai-backend"}
{"level":"warn","message":"404 - Can't find /api/placeholder/80/80 on this server! - /api/placeholder/80/80 - GET - ::1","service":"farmer-ai-backend"}
{"level":"warn","message":"404 - Can't find /api/placeholder/80/80 on this server! - /api/placeholder/80/80 - GET - ::1","service":"farmer-ai-backend"}
{"level":"warn","message":"404 - Can't find /api/placeholder/80/80 on this server! - /api/placeholder/80/80 - GET - ::1","service":"farmer-ai-backend"}
{"level":"warn","message":"404 - Can't find /api/placeholder/80/80 on this server! - /api/placeholder/80/80 - GET - ::1","service":"farmer-ai-backend"}
{"level":"warn","message":"404 - Can't find /api/placeholder/80/80 on this server! - /api/placeholder/80/80 - GET - ::1","service":"farmer-ai-backend"}
{"level":"warn","message":"404 - Can't find /api/placeholder/80/80 on this server! - /api/placeholder/80/80 - GET - ::1","service":"farmer-ai-backend"}
{"level":"warn","message":"404 - Can't find /api/placeholder/80/80 on this server! - /api/placeholder/80/80 - GET - ::1","service":"farmer-ai-backend"}
{"level":"warn","message":"404 - Can't find /api/placeholder/80/80 on this server! - /api/placeholder/80/80 - GET - ::1","service":"farmer-ai-backend"}
{"level":"warn","message":"404 - Can't find /api/placeholder/80/80 on this server! - /api/placeholder/80/80 - GET - ::1","service":"farmer-ai-backend"}
{"level":"warn","message":"404 - Can't find /api/placeholder/80/80 on this server! - /api/placeholder/80/80 - GET - ::1","service":"farmer-ai-backend"}
{"level":"warn","message":"404 - Can't find /api/placeholder/80/80 on this server! - /api/placeholder/80/80 - GET - ::1","service":"farmer-ai-backend"}
{"level":"warn","message":"404 - Can't find /api/placeholder/80/80 on this server! - /api/placeholder/80/80 - GET - ::1","service":"farmer-ai-backend"}
{"level":"warn","message":"404 - Can't find /api/placeholder/80/80 on this server! - /api/placeholder/80/80 - GET - ::1","service":"farmer-ai-backend"}
{"level":"warn","message":"404 - Can't find /api/placeholder/80/80 on this server! - /api/placeholder/80/80 - GET - ::1","service":"farmer-ai-backend"}
{"level":"warn","message":"404 - Can't find /api/placeholder/80/80 on this server! - /api/placeholder/80/80 - GET - ::1","service":"farmer-ai-backend"}
{"level":"warn","message":"404 - Can't find /api/placeholder/80/80 on this server! - /api/placeholder/80/80 - GET - ::1","service":"farmer-ai-backend"}
{"level":"warn","message":"404 - Can't find /api/placeholder/80/80 on this server! - /api/placeholder/80/80 - GET - ::1","service":"farmer-ai-backend"}
{"level":"warn","message":"404 - Can't find /api/placeholder/80/80 on this server! - /api/placeholder/80/80 - GET - ::1","service":"farmer-ai-backend"}
{"level":"warn","message":"404 - Can't find /api/placeholder/80/80 on this server! - /api/placeholder/80/80 - GET - ::1","service":"farmer-ai-backend"}
{"level":"warn","message":"404 - Can't find /api/placeholder/80/80 on this server! - /api/placeholder/80/80 - GET - ::1","service":"farmer-ai-backend"}
{"level":"warn","message":"404 - Can't find /api/placeholder/80/80 on this server! - /api/placeholder/80/80 - GET - ::1","service":"farmer-ai-backend"}
{"level":"warn","message":"404 - Can't find /api/placeholder/80/80 on this server! - /api/placeholder/80/80 - GET - ::1","service":"farmer-ai-backend"}
{"level":"warn","message":"404 - Can't find /api/placeholder/80/80 on this server! - /api/placeholder/80/80 - GET - ::1","service":"farmer-ai-backend"}
{"level":"warn","message":"404 - Can't find /api/placeholder/80/80 on this server! - /api/placeholder/80/80 - GET - ::1","service":"farmer-ai-backend"}
{"level":"warn","message":"404 - Can't find /api/placeholder/80/80 on this server! - /api/placeholder/80/80 - GET - ::1","service":"farmer-ai-backend"}
{"level":"warn","message":"404 - Can't find /api/placeholder/80/80 on this server! - /api/placeholder/80/80 - GET - ::1","service":"farmer-ai-backend"}
{"level":"warn","message":"404 - Can't find /api/placeholder/80/80 on this server! - /api/placeholder/80/80 - GET - ::1","service":"farmer-ai-backend"}
{"level":"warn","message":"404 - Can't find /api/placeholder/80/80 on this server! - /api/placeholder/80/80 - GET - ::1","service":"farmer-ai-backend"}
{"level":"warn","message":"404 - Can't find /api/placeholder/80/80 on this server! - /api/placeholder/80/80 - GET - ::1","service":"farmer-ai-backend"}
{"level":"warn","message":"404 - Can't find /api/placeholder/80/80 on this server! - /api/placeholder/80/80 - GET - ::1","service":"farmer-ai-backend"}
{"level":"warn","message":"404 - Can't find /api/placeholder/80/80 on this server! - /api/placeholder/80/80 - GET - ::1","service":"farmer-ai-backend"}
{"level":"warn","message":"404 - Can't find /api/placeholder/80/80 on this server! - /api/placeholder/80/80 - GET - ::1","service":"farmer-ai-backend"}
{"level":"warn","message":"404 - Can't find /api/placeholder/80/80 on this server! - /api/placeholder/80/80 - GET - ::1","service":"farmer-ai-backend"}
{"level":"warn","message":"404 - Can't find /api/placeholder/80/80 on this server! - /api/placeholder/80/80 - GET - ::1","service":"farmer-ai-backend"}
{"level":"warn","message":"404 - Can't find /api/placeholder/80/80 on this server! - /api/placeholder/80/80 - GET - ::1","service":"farmer-ai-backend"}
{"level":"warn","message":"404 - Can't find /api/placeholder/80/80 on this server! - /api/placeholder/80/80 - GET - ::1","service":"farmer-ai-backend"}
{"level":"warn","message":"404 - Can't find /api/placeholder/80/80 on this server! - /api/placeholder/80/80 - GET - ::1","service":"farmer-ai-backend"}
{"level":"warn","message":"404 - Can't find /api/placeholder/80/80 on this server! - /api/placeholder/80/80 - GET - ::1","service":"farmer-ai-backend"}
{"level":"warn","message":"404 - Can't find /api/placeholder/80/80 on this server! - /api/placeholder/80/80 - GET - ::1","service":"farmer-ai-backend"}
{"level":"warn","message":"404 - Can't find /api/placeholder/80/80 on this server! - /api/placeholder/80/80 - GET - ::1","service":"farmer-ai-backend"}
{"level":"warn","message":"404 - Can't find /api/placeholder/80/80 on this server! - /api/placeholder/80/80 - GET - ::1","service":"farmer-ai-backend"}
{"level":"warn","message":"404 - Can't find /api/placeholder/80/80 on this server! - /api/placeholder/80/80 - GET - ::1","service":"farmer-ai-backend"}
{"level":"warn","message":"404 - Can't find /api/placeholder/80/80 on this server! - /api/placeholder/80/80 - GET - ::1","service":"farmer-ai-backend"}
{"level":"warn","message":"404 - Can't find /api/placeholder/80/80 on this server! - /api/placeholder/80/80 - GET - ::1","service":"farmer-ai-backend"}
{"level":"warn","message":"404 - Can't find /api/placeholder/80/80 on this server! - /api/placeholder/80/80 - GET - ::1","service":"farmer-ai-backend"}
{"level":"warn","message":"404 - Can't find /api/placeholder/80/80 on this server! - /api/placeholder/80/80 - GET - ::1","service":"farmer-ai-backend"}
{"level":"warn","message":"404 - Can't find /api/placeholder/80/80 on this server! - /api/placeholder/80/80 - GET - ::1","service":"farmer-ai-backend"}
{"level":"warn","message":"404 - Can't find /api/placeholder/80/80 on this server! - /api/placeholder/80/80 - GET - ::1","service":"farmer-ai-backend"}
{"level":"warn","message":"404 - Can't find /api/placeholder/80/80 on this server! - /api/placeholder/80/80 - GET - ::1","service":"farmer-ai-backend"}
{"level":"warn","message":"404 - Can't find /api/placeholder/80/80 on this server! - /api/placeholder/80/80 - GET - ::1","service":"farmer-ai-backend"}
{"level":"warn","message":"404 - Can't find /api/placeholder/80/80 on this server! - /api/placeholder/80/80 - GET - ::1","service":"farmer-ai-backend"}
{"level":"warn","message":"404 - Can't find /api/placeholder/80/80 on this server! - /api/placeholder/80/80 - GET - ::1","service":"farmer-ai-backend"}
{"level":"warn","message":"404 - Can't find /api/placeholder/80/80 on this server! - /api/placeholder/80/80 - GET - ::1","service":"farmer-ai-backend"}
{"level":"warn","message":"404 - Can't find /api/placeholder/80/80 on this server! - /api/placeholder/80/80 - GET - ::1","service":"farmer-ai-backend"}
{"level":"warn","message":"404 - Can't find /api/placeholder/80/80 on this server! - /api/placeholder/80/80 - GET - ::1","service":"farmer-ai-backend"}
{"level":"warn","message":"404 - Can't find /api/placeholder/80/80 on this server! - /api/placeholder/80/80 - GET - ::1","service":"farmer-ai-backend"}
{"level":"warn","message":"404 - Can't find /api/placeholder/80/80 on this server! - /api/placeholder/80/80 - GET - ::1","service":"farmer-ai-backend"}
{"level":"warn","message":"404 - Can't find /api/placeholder/80/80 on this server! - /api/placeholder/80/80 - GET - ::1","service":"farmer-ai-backend"}
{"level":"warn","message":"404 - Can't find /api/placeholder/80/80 on this server! - /api/placeholder/80/80 - GET - ::1","service":"farmer-ai-backend"}
{"level":"warn","message":"404 - Can't find /api/placeholder/80/80 on this server! - /api/placeholder/80/80 - GET - ::1","service":"farmer-ai-backend"}
{"level":"warn","message":"404 - Can't find /api/placeholder/80/80 on this server! - /api/placeholder/80/80 - GET - ::1","service":"farmer-ai-backend"}
{"level":"warn","message":"404 - Can't find /api/placeholder/80/80 on this server! - /api/placeholder/80/80 - GET - ::1","service":"farmer-ai-backend"}
{"level":"warn","message":"404 - Can't find /api/placeholder/80/80 on this server! - /api/placeholder/80/80 - GET - ::1","service":"farmer-ai-backend"}
{"level":"warn","message":"404 - Can't find /api/placeholder/60/60 on this server! - /api/placeholder/60/60 - GET - ::1","service":"farmer-ai-backend"}
{"level":"warn","message":"404 - Can't find /api/placeholder/60/60 on this server! - /api/placeholder/60/60 - GET - ::1","service":"farmer-ai-backend"}
{"level":"warn","message":"404 - Can't find /api/placeholder/60/60 on this server! - /api/placeholder/60/60 - GET - ::1","service":"farmer-ai-backend"}
{"level":"warn","message":"404 - Can't find /api/placeholder/60/60 on this server! - /api/placeholder/60/60 - GET - ::1","service":"farmer-ai-backend"}
{"level":"warn","message":"404 - Can't find /api/placeholder/60/60 on this server! - /api/placeholder/60/60 - GET - ::1","service":"farmer-ai-backend"}
{"level":"warn","message":"404 - Can't find /api/placeholder/60/60 on this server! - /api/placeholder/60/60 - GET - ::1","service":"farmer-ai-backend"}
{"level":"warn","message":"404 - Can't find /api/placeholder/60/60 on this server! - /api/placeholder/60/60 - GET - ::1","service":"farmer-ai-backend"}
{"level":"warn","message":"404 - Can't find /api/placeholder/60/60 on this server! - /api/placeholder/60/60 - GET - ::1","service":"farmer-ai-backend"}
{"level":"warn","message":"404 - Can't find /api/placeholder/60/60 on this server! - /api/placeholder/60/60 - GET - ::1","service":"farmer-ai-backend"}
{"level":"warn","message":"404 - Can't find /api/placeholder/60/60 on this server! - /api/placeholder/60/60 - GET - ::1","service":"farmer-ai-backend"}
{"level":"warn","message":"404 - Can't find /api/placeholder/60/60 on this server! - /api/placeholder/60/60 - GET - ::1","service":"farmer-ai-backend"}
{"level":"warn","message":"404 - Can't find /api/placeholder/60/60 on this server! - /api/placeholder/60/60 - GET - ::1","service":"farmer-ai-backend"}
{"level":"warn","message":"404 - Can't find /api/placeholder/60/60 on this server! - /api/placeholder/60/60 - GET - ::1","service":"farmer-ai-backend"}
{"level":"warn","message":"404 - Can't find /api/placeholder/60/60 on this server! - /api/placeholder/60/60 - GET - ::1","service":"farmer-ai-backend"}
{"level":"warn","message":"404 - Can't find /api/placeholder/60/60 on this server! - /api/placeholder/60/60 - GET - ::1","service":"farmer-ai-backend"}
{"level":"warn","message":"404 - Can't find /api/placeholder/60/60 on this server! - /api/placeholder/60/60 - GET - ::1","service":"farmer-ai-backend"}
{"level":"warn","message":"404 - Can't find /api/placeholder/60/60 on this server! - /api/placeholder/60/60 - GET - ::1","service":"farmer-ai-backend"}
{"level":"warn","message":"404 - Can't find /api/placeholder/60/60 on this server! - /api/placeholder/60/60 - GET - ::1","service":"farmer-ai-backend"}
{"level":"warn","message":"404 - Can't find /api/placeholder/60/60 on this server! - /api/placeholder/60/60 - GET - ::1","service":"farmer-ai-backend"}
{"level":"warn","message":"404 - Can't find /api/placeholder/60/60 on this server! - /api/placeholder/60/60 - GET - ::1","service":"farmer-ai-backend"}
{"level":"warn","message":"404 - Can't find /api/placeholder/60/60 on this server! - /api/placeholder/60/60 - GET - ::1","service":"farmer-ai-backend"}
{"level":"warn","message":"404 - Can't find /api/placeholder/60/60 on this server! - /api/placeholder/60/60 - GET - ::1","service":"farmer-ai-backend"}
{"level":"warn","message":"404 - Can't find /api/placeholder/60/60 on this server! - /api/placeholder/60/60 - GET - ::1","service":"farmer-ai-backend"}
{"level":"warn","message":"404 - Can't find /api/placeholder/60/60 on this server! - /api/placeholder/60/60 - GET - ::1","service":"farmer-ai-backend"}
{"level":"warn","message":"404 - Can't find /api/placeholder/60/60 on this server! - /api/placeholder/60/60 - GET - ::1","service":"farmer-ai-backend"}
{"level":"warn","message":"404 - Can't find /api/placeholder/60/60 on this server! - /api/placeholder/60/60 - GET - ::1","service":"farmer-ai-backend"}
{"level":"warn","message":"404 - Can't find /api/placeholder/60/60 on this server! - /api/placeholder/60/60 - GET - ::1","service":"farmer-ai-backend"}
{"level":"warn","message":"404 - Can't find /api/placeholder/60/60 on this server! - /api/placeholder/60/60 - GET - ::1","service":"farmer-ai-backend"}
{"level":"warn","message":"404 - Can't find /api/placeholder/60/60 on this server! - /api/placeholder/60/60 - GET - ::1","service":"farmer-ai-backend"}
{"level":"warn","message":"404 - Can't find /api/placeholder/60/60 on this server! - /api/placeholder/60/60 - GET - ::1","service":"farmer-ai-backend"}
{"level":"warn","message":"404 - Can't find /api/placeholder/60/60 on this server! - /api/placeholder/60/60 - GET - ::1","service":"farmer-ai-backend"}
{"level":"warn","message":"404 - Can't find /api/placeholder/60/60 on this server! - /api/placeholder/60/60 - GET - ::1","service":"farmer-ai-backend"}
{"level":"warn","message":"404 - Can't find /api/placeholder/60/60 on this server! - /api/placeholder/60/60 - GET - ::1","service":"farmer-ai-backend"}
{"level":"warn","message":"404 - Can't find /api/placeholder/60/60 on this server! - /api/placeholder/60/60 - GET - ::1","service":"farmer-ai-backend"}
{"level":"warn","message":"404 - Can't find /api/placeholder/60/60 on this server! - /api/placeholder/60/60 - GET - ::1","service":"farmer-ai-backend"}
{"level":"warn","message":"404 - Can't find /api/placeholder/60/60 on this server! - /api/placeholder/60/60 - GET - ::1","service":"farmer-ai-backend"}
{"level":"warn","message":"404 - Can't find /api/placeholder/60/60 on this server! - /api/placeholder/60/60 - GET - ::1","service":"farmer-ai-backend"}
{"level":"warn","message":"404 - Can't find /api/placeholder/60/60 on this server! - /api/placeholder/60/60 - GET - ::1","service":"farmer-ai-backend"}
{"level":"warn","message":"404 - Can't find /api/placeholder/60/60 on this server! - /api/placeholder/60/60 - GET - ::1","service":"farmer-ai-backend"}
{"level":"warn","message":"404 - Can't find /api/placeholder/60/60 on this server! - /api/placeholder/60/60 - GET - ::1","service":"farmer-ai-backend"}
{"level":"warn","message":"404 - Can't find /api/placeholder/60/60 on this server! - /api/placeholder/60/60 - GET - ::1","service":"farmer-ai-backend"}
{"level":"warn","message":"404 - Can't find /api/placeholder/60/60 on this server! - /api/placeholder/60/60 - GET - ::1","service":"farmer-ai-backend"}
{"level":"warn","message":"404 - Can't find /api/placeholder/60/60 on this server! - /api/placeholder/60/60 - GET - ::1","service":"farmer-ai-backend"}
{"level":"warn","message":"404 - Can't find /api/placeholder/60/60 on this server! - /api/placeholder/60/60 - GET - ::1","service":"farmer-ai-backend"}
{"level":"warn","message":"404 - Can't find /api/placeholder/60/60 on this server! - /api/placeholder/60/60 - GET - ::1","service":"farmer-ai-backend"}
{"level":"warn","message":"404 - Can't find /api/placeholder/60/60 on this server! - /api/placeholder/60/60 - GET - ::1","service":"farmer-ai-backend"}
{"level":"warn","message":"404 - Can't find /api/placeholder/60/60 on this server! - /api/placeholder/60/60 - GET - ::1","service":"farmer-ai-backend"}
{"level":"warn","message":"404 - Can't find /api/placeholder/60/60 on this server! - /api/placeholder/60/60 - GET - ::1","service":"farmer-ai-backend"}
{"level":"warn","message":"404 - Can't find /api/placeholder/60/60 on this server! - /api/placeholder/60/60 - GET - ::1","service":"farmer-ai-backend"}
{"level":"warn","message":"404 - Can't find /api/placeholder/60/60 on this server! - /api/placeholder/60/60 - GET - ::1","service":"farmer-ai-backend"}
{"level":"warn","message":"404 - Can't find /api/placeholder/60/60 on this server! - /api/placeholder/60/60 - GET - ::1","service":"farmer-ai-backend"}
{"level":"warn","message":"404 - Can't find /api/placeholder/60/60 on this server! - /api/placeholder/60/60 - GET - ::1","service":"farmer-ai-backend"}
{"level":"warn","message":"404 - Can't find /api/placeholder/60/60 on this server! - /api/placeholder/60/60 - GET - ::1","service":"farmer-ai-backend"}
{"level":"warn","message":"404 - Can't find /api/placeholder/60/60 on this server! - /api/placeholder/60/60 - GET - ::1","service":"farmer-ai-backend"}
{"level":"warn","message":"404 - Can't find /api/placeholder/60/60 on this server! - /api/placeholder/60/60 - GET - ::1","service":"farmer-ai-backend"}
{"level":"warn","message":"404 - Can't find /api/placeholder/60/60 on this server! - /api/placeholder/60/60 - GET - ::1","service":"farmer-ai-backend"}
{"level":"warn","message":"404 - Can't find /api/placeholder/60/60 on this server! - /api/placeholder/60/60 - GET - ::1","service":"farmer-ai-backend"}
{"level":"warn","message":"404 - Can't find /api/placeholder/60/60 on this server! - /api/placeholder/60/60 - GET - ::1","service":"farmer-ai-backend"}
{"level":"warn","message":"404 - Can't find /api/placeholder/60/60 on this server! - /api/placeholder/60/60 - GET - ::1","service":"farmer-ai-backend"}
{"level":"warn","message":"404 - Can't find /api/placeholder/60/60 on this server! - /api/placeholder/60/60 - GET - ::1","service":"farmer-ai-backend"}
{"level":"warn","message":"404 - Can't find /api/placeholder/60/60 on this server! - /api/placeholder/60/60 - GET - ::1","service":"farmer-ai-backend"}
{"level":"warn","message":"404 - Can't find /api/placeholder/60/60 on this server! - /api/placeholder/60/60 - GET - ::1","service":"farmer-ai-backend"}
{"level":"warn","message":"404 - Can't find /api/placeholder/60/60 on this server! - /api/placeholder/60/60 - GET - ::1","service":"farmer-ai-backend"}
{"level":"warn","message":"404 - Can't find /api/placeholder/60/60 on this server! - /api/placeholder/60/60 - GET - ::1","service":"farmer-ai-backend"}
{"level":"warn","message":"404 - Can't find /api/placeholder/60/60 on this server! - /api/placeholder/60/60 - GET - ::1","service":"farmer-ai-backend"}
{"level":"warn","message":"404 - Can't find /api/placeholder/60/60 on this server! - /api/placeholder/60/60 - GET - ::1","service":"farmer-ai-backend"}
{"level":"warn","message":"404 - Can't find /api/placeholder/60/60 on this server! - /api/placeholder/60/60 - GET - ::1","service":"farmer-ai-backend"}
{"level":"warn","message":"404 - Can't find /api/placeholder/60/60 on this server! - /api/placeholder/60/60 - GET - ::1","service":"farmer-ai-backend"}
{"level":"warn","message":"404 - Can't find /api/placeholder/60/60 on this server! - /api/placeholder/60/60 - GET - ::1","service":"farmer-ai-backend"}
{"level":"warn","message":"404 - Can't find /api/placeholder/60/60 on this server! - /api/placeholder/60/60 - GET - ::1","service":"farmer-ai-backend"}
{"level":"warn","message":"404 - Can't find /api/placeholder/60/60 on this server! - /api/placeholder/60/60 - GET - ::1","service":"farmer-ai-backend"}
{"level":"warn","message":"404 - Can't find /api/placeholder/60/60 on this server! - /api/placeholder/60/60 - GET - ::1","service":"farmer-ai-backend"}
{"level":"warn","message":"404 - Can't find /api/placeholder/60/60 on this server! - /api/placeholder/60/60 - GET - ::1","service":"farmer-ai-backend"}
{"level":"warn","message":"404 - Can't find /api/placeholder/60/60 on this server! - /api/placeholder/60/60 - GET - ::1","service":"farmer-ai-backend"}
{"level":"warn","message":"404 - Can't find /api/placeholder/60/60 on this server! - /api/placeholder/60/60 - GET - ::1","service":"farmer-ai-backend"}
{"level":"warn","message":"404 - Can't find /api/placeholder/60/60 on this server! - /api/placeholder/60/60 - GET - ::1","service":"farmer-ai-backend"}
{"level":"warn","message":"404 - Can't find /api/placeholder/60/60 on this server! - /api/placeholder/60/60 - GET - ::1","service":"farmer-ai-backend"}
{"level":"warn","message":"404 - Can't find /api/placeholder/60/60 on this server! - /api/placeholder/60/60 - GET - ::1","service":"farmer-ai-backend"}
{"level":"warn","message":"404 - Can't find /api/placeholder/60/60 on this server! - /api/placeholder/60/60 - GET - ::1","service":"farmer-ai-backend"}
{"level":"warn","message":"404 - Can't find /api/placeholder/60/60 on this server! - /api/placeholder/60/60 - GET - ::1","service":"farmer-ai-backend"}
{"level":"warn","message":"404 - Can't find /api/placeholder/60/60 on this server! - /api/placeholder/60/60 - GET - ::1","service":"farmer-ai-backend"}
{"level":"warn","message":"404 - Can't find /api/placeholder/60/60 on this server! - /api/placeholder/60/60 - GET - ::1","service":"farmer-ai-backend"}
{"level":"warn","message":"404 - Can't find /api/placeholder/60/60 on this server! - /api/placeholder/60/60 - GET - ::1","service":"farmer-ai-backend"}
{"level":"warn","message":"404 - Can't find /api/placeholder/60/60 on this server! - /api/placeholder/60/60 - GET - ::1","service":"farmer-ai-backend"}
{"level":"warn","message":"404 - Can't find /api/placeholder/60/60 on this server! - /api/placeholder/60/60 - GET - ::1","service":"farmer-ai-backend"}
{"level":"warn","message":"404 - Can't find /api/placeholder/60/60 on this server! - /api/placeholder/60/60 - GET - ::1","service":"farmer-ai-backend"}
{"level":"warn","message":"404 - Can't find /api/placeholder/60/60 on this server! - /api/placeholder/60/60 - GET - ::1","service":"farmer-ai-backend"}
{"level":"warn","message":"404 - Can't find /api/placeholder/60/60 on this server! - /api/placeholder/60/60 - GET - ::1","service":"farmer-ai-backend"}
{"level":"warn","message":"404 - Can't find /api/placeholder/60/60 on this server! - /api/placeholder/60/60 - GET - ::1","service":"farmer-ai-backend"}
{"level":"warn","message":"404 - Can't find /api/placeholder/60/60 on this server! - /api/placeholder/60/60 - GET - ::1","service":"farmer-ai-backend"}
{"level":"warn","message":"404 - Can't find /api/placeholder/60/60 on this server! - /api/placeholder/60/60 - GET - ::1","service":"farmer-ai-backend"}
{"level":"warn","message":"404 - Can't find /api/placeholder/60/60 on this server! - /api/placeholder/60/60 - GET - ::1","service":"farmer-ai-backend"}
{"level":"warn","message":"404 - Can't find /api/placeholder/60/60 on this server! - /api/placeholder/60/60 - GET - ::1","service":"farmer-ai-backend"}
{"level":"warn","message":"404 - Can't find /api/placeholder/60/60 on this server! - /api/placeholder/60/60 - GET - ::1","service":"farmer-ai-backend"}
{"level":"warn","message":"404 - Can't find /api/placeholder/60/60 on this server! - /api/placeholder/60/60 - GET - ::1","service":"farmer-ai-backend"}
{"level":"warn","message":"404 - Can't find /api/placeholder/60/60 on this server! - /api/placeholder/60/60 - GET - ::1","service":"farmer-ai-backend"}
{"level":"warn","message":"404 - Can't find /api/placeholder/60/60 on this server! - /api/placeholder/60/60 - GET - ::1","service":"farmer-ai-backend"}
{"level":"warn","message":"404 - Can't find /api/placeholder/60/60 on this server! - /api/placeholder/60/60 - GET - ::1","service":"farmer-ai-backend"}
{"level":"warn","message":"404 - Can't find /api/placeholder/60/60 on this server! - /api/placeholder/60/60 - GET - ::1","service":"farmer-ai-backend"}
{"level":"warn","message":"404 - Can't find /api/placeholder/60/60 on this server! - /api/placeholder/60/60 - GET - ::1","service":"farmer-ai-backend"}
{"level":"warn","message":"404 - Can't find /api/placeholder/60/60 on this server! - /api/placeholder/60/60 - GET - ::1","service":"farmer-ai-backend"}
{"level":"warn","message":"404 - Can't find /api/placeholder/60/60 on this server! - /api/placeholder/60/60 - GET - ::1","service":"farmer-ai-backend"}
{"level":"warn","message":"404 - Can't find /api/placeholder/60/60 on this server! - /api/placeholder/60/60 - GET - ::1","service":"farmer-ai-backend"}
{"level":"warn","message":"404 - Can't find /api/placeholder/60/60 on this server! - /api/placeholder/60/60 - GET - ::1","service":"farmer-ai-backend"}
{"level":"warn","message":"404 - Can't find /api/placeholder/60/60 on this server! - /api/placeholder/60/60 - GET - ::1","service":"farmer-ai-backend"}
{"level":"warn","message":"404 - Can't find /api/placeholder/60/60 on this server! - /api/placeholder/60/60 - GET - ::1","service":"farmer-ai-backend"}
{"level":"warn","message":"404 - Can't find /api/placeholder/60/60 on this server! - /api/placeholder/60/60 - GET - ::1","service":"farmer-ai-backend"}
{"level":"warn","message":"404 - Can't find /api/placeholder/60/60 on this server! - /api/placeholder/60/60 - GET - ::1","service":"farmer-ai-backend"}
{"level":"warn","message":"404 - Can't find /api/placeholder/60/60 on this server! - /api/placeholder/60/60 - GET - ::1","service":"farmer-ai-backend"}
{"level":"warn","message":"404 - Can't find /api/placeholder/60/60 on this server! - /api/placeholder/60/60 - GET - ::1","service":"farmer-ai-backend"}
{"level":"warn","message":"404 - Can't find /api/placeholder/60/60 on this server! - /api/placeholder/60/60 - GET - ::1","service":"farmer-ai-backend"}
{"level":"warn","message":"404 - Can't find /api/placeholder/60/60 on this server! - /api/placeholder/60/60 - GET - ::1","service":"farmer-ai-backend"}
{"level":"warn","message":"404 - Can't find /api/placeholder/60/60 on this server! - /api/placeholder/60/60 - GET - ::1","service":"farmer-ai-backend"}
{"level":"warn","message":"404 - Can't find /api/placeholder/60/60 on this server! - /api/placeholder/60/60 - GET - ::1","service":"farmer-ai-backend"}
{"level":"warn","message":"404 - Can't find /api/placeholder/60/60 on this server! - /api/placeholder/60/60 - GET - ::1","service":"farmer-ai-backend"}
{"level":"warn","message":"404 - Can't find /api/placeholder/60/60 on this server! - /api/placeholder/60/60 - GET - ::1","service":"farmer-ai-backend"}
{"level":"warn","message":"404 - Can't find /api/placeholder/60/60 on this server! - /api/placeholder/60/60 - GET - ::1","service":"farmer-ai-backend"}
{"level":"warn","message":"404 - Can't find /api/placeholder/60/60 on this server! - /api/placeholder/60/60 - GET - ::1","service":"farmer-ai-backend"}
{"level":"warn","message":"404 - Can't find /api/placeholder/60/60 on this server! - /api/placeholder/60/60 - GET - ::1","service":"farmer-ai-backend"}
{"level":"warn","message":"404 - Can't find /api/placeholder/60/60 on this server! - /api/placeholder/60/60 - GET - ::1","service":"farmer-ai-backend"}
{"level":"warn","message":"404 - Can't find /api/placeholder/60/60 on this server! - /api/placeholder/60/60 - GET - ::1","service":"farmer-ai-backend"}
{"level":"warn","message":"404 - Can't find /api/placeholder/60/60 on this server! - /api/placeholder/60/60 - GET - ::1","service":"farmer-ai-backend"}
{"level":"warn","message":"404 - Can't find /api/placeholder/60/60 on this server! - /api/placeholder/60/60 - GET - ::1","service":"farmer-ai-backend"}
{"level":"warn","message":"404 - Can't find /api/placeholder/60/60 on this server! - /api/placeholder/60/60 - GET - ::1","service":"farmer-ai-backend"}
{"level":"warn","message":"404 - Can't find /api/placeholder/60/60 on this server! - /api/placeholder/60/60 - GET - ::1","service":"farmer-ai-backend"}
{"level":"warn","message":"404 - Can't find /api/placeholder/60/60 on this server! - /api/placeholder/60/60 - GET - ::1","service":"farmer-ai-backend"}
{"level":"warn","message":"404 - Can't find /api/placeholder/60/60 on this server! - /api/placeholder/60/60 - GET - ::1","service":"farmer-ai-backend"}
{"level":"warn","message":"404 - Can't find /api/placeholder/60/60 on this server! - /api/placeholder/60/60 - GET - ::1","service":"farmer-ai-backend"}
{"level":"warn","message":"404 - Can't find /api/placeholder/60/60 on this server! - /api/placeholder/60/60 - GET - ::1","service":"farmer-ai-backend"}
{"level":"warn","message":"404 - Can't find /api/placeholder/60/60 on this server! - /api/placeholder/60/60 - GET - ::1","service":"farmer-ai-backend"}
{"level":"warn","message":"404 - Can't find /api/placeholder/60/60 on this server! - /api/placeholder/60/60 - GET - ::1","service":"farmer-ai-backend"}
{"level":"warn","message":"404 - Can't find /api/placeholder/60/60 on this server! - /api/placeholder/60/60 - GET - ::1","service":"farmer-ai-backend"}
{"level":"warn","message":"404 - Can't find /api/placeholder/60/60 on this server! - /api/placeholder/60/60 - GET - ::1","service":"farmer-ai-backend"}
{"level":"warn","message":"404 - Can't find /api/placeholder/60/60 on this server! - /api/placeholder/60/60 - GET - ::1","service":"farmer-ai-backend"}
{"level":"warn","message":"404 - Can't find /api/placeholder/60/60 on this server! - /api/placeholder/60/60 - GET - ::1","service":"farmer-ai-backend"}
{"level":"warn","message":"404 - Can't find /api/placeholder/60/60 on this server! - /api/placeholder/60/60 - GET - ::1","service":"farmer-ai-backend"}
{"level":"warn","message":"404 - Can't find /api/placeholder/60/60 on this server! - /api/placeholder/60/60 - GET - ::1","service":"farmer-ai-backend"}
{"level":"warn","message":"404 - Can't find /api/placeholder/60/60 on this server! - /api/placeholder/60/60 - GET - ::1","service":"farmer-ai-backend"}
{"level":"warn","message":"404 - Can't find /api/placeholder/60/60 on this server! - /api/placeholder/60/60 - GET - ::1","service":"farmer-ai-backend"}
{"level":"warn","message":"404 - Can't find /api/placeholder/60/60 on this server! - /api/placeholder/60/60 - GET - ::1","service":"farmer-ai-backend"}
{"level":"warn","message":"404 - Can't find /api/placeholder/60/60 on this server! - /api/placeholder/60/60 - GET - ::1","service":"farmer-ai-backend"}
{"level":"warn","message":"404 - Can't find /api/placeholder/60/60 on this server! - /api/placeholder/60/60 - GET - ::1","service":"farmer-ai-backend"}
{"level":"warn","message":"404 - Can't find /api/placeholder/60/60 on this server! - /api/placeholder/60/60 - GET - ::1","service":"farmer-ai-backend"}
{"level":"warn","message":"404 - Can't find /api/placeholder/60/60 on this server! - /api/placeholder/60/60 - GET - ::1","service":"farmer-ai-backend"}
{"level":"warn","message":"404 - Can't find /api/placeholder/60/60 on this server! - /api/placeholder/60/60 - GET - ::1","service":"farmer-ai-backend"}
{"level":"warn","message":"404 - Can't find /api/placeholder/60/60 on this server! - /api/placeholder/60/60 - GET - ::1","service":"farmer-ai-backend"}
{"level":"warn","message":"404 - Can't find /api/placeholder/60/60 on this server! - /api/placeholder/60/60 - GET - ::1","service":"farmer-ai-backend"}
{"level":"warn","message":"404 - Can't find /api/placeholder/60/60 on this server! - /api/placeholder/60/60 - GET - ::1","service":"farmer-ai-backend"}
{"level":"warn","message":"404 - Can't find /api/placeholder/60/60 on this server! - /api/placeholder/60/60 - GET - ::1","service":"farmer-ai-backend"}
{"level":"warn","message":"404 - Can't find /api/placeholder/60/60 on this server! - /api/placeholder/60/60 - GET - ::1","service":"farmer-ai-backend"}
{"level":"warn","message":"404 - Can't find /api/placeholder/60/60 on this server! - /api/placeholder/60/60 - GET - ::1","service":"farmer-ai-backend"}
{"level":"warn","message":"404 - Can't find /api/placeholder/60/60 on this server! - /api/placeholder/60/60 - GET - ::1","service":"farmer-ai-backend"}
{"level":"warn","message":"404 - Can't find /api/placeholder/60/60 on this server! - /api/placeholder/60/60 - GET - ::1","service":"farmer-ai-backend"}
{"level":"warn","message":"404 - Can't find /api/placeholder/60/60 on this server! - /api/placeholder/60/60 - GET - ::1","service":"farmer-ai-backend"}
{"level":"warn","message":"404 - Can't find /api/placeholder/60/60 on this server! - /api/placeholder/60/60 - GET - ::1","service":"farmer-ai-backend"}
{"level":"warn","message":"404 - Can't find /api/placeholder/60/60 on this server! - /api/placeholder/60/60 - GET - ::1","service":"farmer-ai-backend"}
{"level":"warn","message":"404 - Can't find /api/placeholder/60/60 on this server! - /api/placeholder/60/60 - GET - ::1","service":"farmer-ai-backend"}
{"level":"warn","message":"404 - Can't find /api/placeholder/60/60 on this server! - /api/placeholder/60/60 - GET - ::1","service":"farmer-ai-backend"}
{"level":"warn","message":"404 - Can't find /api/placeholder/60/60 on this server! - /api/placeholder/60/60 - GET - ::1","service":"farmer-ai-backend"}
{"level":"warn","message":"404 - Can't find /api/placeholder/60/60 on this server! - /api/placeholder/60/60 - GET - ::1","service":"farmer-ai-backend"}
{"level":"warn","message":"404 - Can't find /api/placeholder/60/60 on this server! - /api/placeholder/60/60 - GET - ::1","service":"farmer-ai-backend"}
{"level":"warn","message":"404 - Can't find /api/placeholder/60/60 on this server! - /api/placeholder/60/60 - GET - ::1","service":"farmer-ai-backend"}
{"level":"warn","message":"404 - Can't find /api/placeholder/60/60 on this server! - /api/placeholder/60/60 - GET - ::1","service":"farmer-ai-backend"}
{"level":"warn","message":"404 - Can't find /api/placeholder/60/60 on this server! - /api/placeholder/60/60 - GET - ::1","service":"farmer-ai-backend"}
{"level":"warn","message":"404 - Can't find /api/placeholder/60/60 on this server! - /api/placeholder/60/60 - GET - ::1","service":"farmer-ai-backend"}
{"level":"warn","message":"404 - Can't find /api/placeholder/60/60 on this server! - /api/placeholder/60/60 - GET - ::1","service":"farmer-ai-backend"}
{"level":"warn","message":"404 - Can't find /api/placeholder/60/60 on this server! - /api/placeholder/60/60 - GET - ::1","service":"farmer-ai-backend"}
{"level":"warn","message":"404 - Can't find /api/placeholder/60/60 on this server! - /api/placeholder/60/60 - GET - ::1","service":"farmer-ai-backend"}
{"level":"warn","message":"404 - Can't find /api/placeholder/60/60 on this server! - /api/placeholder/60/60 - GET - ::1","service":"farmer-ai-backend"}
{"level":"warn","message":"404 - Can't find /api/placeholder/60/60 on this server! - /api/placeholder/60/60 - GET - ::1","service":"farmer-ai-backend"}
{"level":"warn","message":"404 - Can't find /api/placeholder/60/60 on this server! - /api/placeholder/60/60 - GET - ::1","service":"farmer-ai-backend"}
{"level":"warn","message":"404 - Can't find /api/placeholder/60/60 on this server! - /api/placeholder/60/60 - GET - ::1","service":"farmer-ai-backend"}
{"level":"warn","message":"404 - Can't find /api/placeholder/60/60 on this server! - /api/placeholder/60/60 - GET - ::1","service":"farmer-ai-backend"}
{"level":"warn","message":"404 - Can't find /api/placeholder/60/60 on this server! - /api/placeholder/60/60 - GET - ::1","service":"farmer-ai-backend"}
{"level":"warn","message":"404 - Can't find /api/placeholder/60/60 on this server! - /api/placeholder/60/60 - GET - ::1","service":"farmer-ai-backend"}
{"level":"warn","message":"404 - Can't find /api/placeholder/60/60 on this server! - /api/placeholder/60/60 - GET - ::1","service":"farmer-ai-backend"}
{"level":"warn","message":"404 - Can't find /api/placeholder/60/60 on this server! - /api/placeholder/60/60 - GET - ::1","service":"farmer-ai-backend"}
{"level":"warn","message":"404 - Can't find /api/placeholder/60/60 on this server! - /api/placeholder/60/60 - GET - ::1","service":"farmer-ai-backend"}
{"level":"warn","message":"404 - Can't find /api/placeholder/60/60 on this server! - /api/placeholder/60/60 - GET - ::1","service":"farmer-ai-backend"}
{"level":"warn","message":"404 - Can't find /api/placeholder/60/60 on this server! - /api/placeholder/60/60 - GET - ::1","service":"farmer-ai-backend"}
{"level":"warn","message":"404 - Can't find /api/placeholder/60/60 on this server! - /api/placeholder/60/60 - GET - ::1","service":"farmer-ai-backend"}
{"level":"warn","message":"404 - Can't find /api/placeholder/60/60 on this server! - /api/placeholder/60/60 - GET - ::1","service":"farmer-ai-backend"}
{"level":"warn","message":"404 - Can't find /api/placeholder/60/60 on this server! - /api/placeholder/60/60 - GET - ::1","service":"farmer-ai-backend"}
{"level":"warn","message":"404 - Can't find /api/placeholder/60/60 on this server! - /api/placeholder/60/60 - GET - ::1","service":"farmer-ai-backend"}
{"level":"warn","message":"404 - Can't find /api/placeholder/60/60 on this server! - /api/placeholder/60/60 - GET - ::1","service":"farmer-ai-backend"}
{"level":"warn","message":"404 - Can't find /api/placeholder/60/60 on this server! - /api/placeholder/60/60 - GET - ::1","service":"farmer-ai-backend"}
{"level":"warn","message":"404 - Can't find /api/placeholder/60/60 on this server! - /api/placeholder/60/60 - GET - ::1","service":"farmer-ai-backend"}
{"level":"warn","message":"404 - Can't find /api/placeholder/60/60 on this server! - /api/placeholder/60/60 - GET - ::1","service":"farmer-ai-backend"}
{"level":"warn","message":"404 - Can't find /api/placeholder/60/60 on this server! - /api/placeholder/60/60 - GET - ::1","service":"farmer-ai-backend"}
{"level":"warn","message":"404 - Can't find /api/placeholder/60/60 on this server! - /api/placeholder/60/60 - GET - ::1","service":"farmer-ai-backend"}
{"level":"warn","message":"404 - Can't find /api/placeholder/60/60 on this server! - /api/placeholder/60/60 - GET - ::1","service":"farmer-ai-backend"}
{"level":"warn","message":"404 - Can't find /api/placeholder/60/60 on this server! - /api/placeholder/60/60 - GET - ::1","service":"farmer-ai-backend"}
{"level":"warn","message":"404 - Can't find /api/placeholder/60/60 on this server! - /api/placeholder/60/60 - GET - ::1","service":"farmer-ai-backend"}
{"level":"warn","message":"404 - Can't find /api/finance/transactions on this server! - /api/finance/transactions - POST - ::1","service":"farmer-ai-backend"}
{"level":"warn","message":"404 - Can't find /api/finance/transactions on this server! - /api/finance/transactions - POST - ::1","service":"farmer-ai-backend"}
{"level":"warn","message":"404 - Can't find /api/finance/transactions on this server! - /api/finance/transactions - POST - ::1","service":"farmer-ai-backend"}
{"level":"warn","message":"404 - Can't find /api/finance/transactions on this server! - /api/finance/transactions - POST - ::1","service":"farmer-ai-backend"}
{"level":"warn","message":"404 - Can't find /api/negotiations/undefined/agreement on this server! - /api/negotiations/undefined/agreement - GET - ::1","service":"farmer-ai-backend"}
{"level":"warn","message":"404 - Can't find /api/negotiations/undefined/agreement on this server! - /api/negotiations/undefined/agreement - GET - ::1","service":"farmer-ai-backend"}
{"level":"warn","message":"404 - Can't find /api/reviews on this server! - /api/reviews - GET - ::1","service":"farmer-ai-backend"}
{"level":"warn","message":"404 - Can't find /api/reviews on this server! - /api/reviews - GET - ::1","service":"farmer-ai-backend"}
{"level":"error","message":"500 - DiseaseScan validation failed: confidence: Cast to Number failed for value \"NaN\" (type number) at path \"confidence\" - /api/ai/identify - POST - ::1","service":"farmer-ai-backend"}
{"level":"error","message":"ValidationError: DiseaseScan validation failed: confidence: Cast to Number failed for value \"NaN\" (type number) at path \"confidence\"\n    at Document.invalidate (D:\\New folder\\intern\\Agri\\farmer_ai-backend\\node_modules\\mongoose\\lib\\document.js:3377:32)\n    at model.$set (D:\\New folder\\intern\\Agri\\farmer_ai-backend\\node_modules\\mongoose\\lib\\document.js:1502:12)\n    at model.$set (D:\\New folder\\intern\\Agri\\farmer_ai-backend\\node_modules\\mongoose\\lib\\document.js:1154:16)\n    at model.Document (D:\\New folder\\intern\\Agri\\farmer_ai-backend\\node_modules\\mongoose\\lib\\document.js:178:12)\n    at model.Model (D:\\New folder\\intern\\Agri\\farmer_ai-backend\\node_modules\\mongoose\\lib\\model.js:129:12)\n    at new model (D:\\New folder\\intern\\Agri\\farmer_ai-backend\\node_modules\\mongoose\\lib\\model.js:4679:15)\n    at D:\\New folder\\intern\\Agri\\farmer_ai-backend\\node_modules\\mongoose\\lib\\model.js:2719:20\n    at Array.map (<anonymous>)\n    at Function.create (D:\\New folder\\intern\\Agri\\farmer_ai-backend\\node_modules\\mongoose\\lib\\model.js:2707:34)\n    at identifyPlantController (D:\\New folder\\intern\\Agri\\farmer_ai-backend\\src\\controllers\\plantIdentificationController.js:24:47)","service":"farmer-ai-backend"}
{"level":"error","message":"500 - DiseaseScan validation failed: confidence: Cast to Number failed for value \"NaN\" (type number) at path \"confidence\" - /api/ai/identify - POST - ::1","service":"farmer-ai-backend"}
{"level":"error","message":"ValidationError: DiseaseScan validation failed: confidence: Cast to Number failed for value \"NaN\" (type number) at path \"confidence\"\n    at Document.invalidate (D:\\New folder\\intern\\Agri\\farmer_ai-backend\\node_modules\\mongoose\\lib\\document.js:3377:32)\n    at model.$set (D:\\New folder\\intern\\Agri\\farmer_ai-backend\\node_modules\\mongoose\\lib\\document.js:1502:12)\n    at model.$set (D:\\New folder\\intern\\Agri\\farmer_ai-backend\\node_modules\\mongoose\\lib\\document.js:1154:16)\n    at model.Document (D:\\New folder\\intern\\Agri\\farmer_ai-backend\\node_modules\\mongoose\\lib\\document.js:178:12)\n    at model.Model (D:\\New folder\\intern\\Agri\\farmer_ai-backend\\node_modules\\mongoose\\lib\\model.js:129:12)\n    at new model (D:\\New folder\\intern\\Agri\\farmer_ai-backend\\node_modules\\mongoose\\lib\\model.js:4679:15)\n    at D:\\New folder\\intern\\Agri\\farmer_ai-backend\\node_modules\\mongoose\\lib\\model.js:2719:20\n    at Array.map (<anonymous>)\n    at Function.create (D:\\New folder\\intern\\Agri\\farmer_ai-backend\\node_modules\\mongoose\\lib\\model.js:2707:34)\n    at identifyPlantController (D:\\New folder\\intern\\Agri\\farmer_ai-backend\\src\\controllers\\plantIdentificationController.js:24:47)","service":"farmer-ai-backend"}
{"level":"warn","message":"404 - Can't find /api/placeholder/80/80 on this server! - /api/placeholder/80/80 - GET - ::1","service":"farmer-ai-backend"}
{"level":"error","message":"500 - Class constructor ObjectId cannot be invoked without 'new' - /api/reviews/product/6971acc7e02c6322a0b8995e?page=1&sortBy=recent - GET - ::1","service":"farmer-ai-backend"}
{"level":"error","message":"TypeError: Class constructor ObjectId cannot be invoked without 'new'\n    at exports.getProductReviews (D:\\New folder\\intern\\Agri\\farmer_ai-backend\\src\\controllers\\reviewController.js:88:49)\n    at process.processTicksAndRejections (node:internal/process/task_queues:105:5)","service":"farmer-ai-backend"}
{"level":"error","message":"500 - Class constructor ObjectId cannot be invoked without 'new' - /api/reviews/product/6971acc7e02c6322a0b8995e?page=1&sortBy=recent - GET - ::1","service":"farmer-ai-backend"}
{"level":"error","message":"TypeError: Class constructor ObjectId cannot be invoked without 'new'\n    at exports.getProductReviews (D:\\New folder\\intern\\Agri\\farmer_ai-backend\\src\\controllers\\reviewController.js:88:49)\n    at process.processTicksAndRejections (node:internal/process/task_queues:105:5)","service":"farmer-ai-backend"}
{"level":"error","message":"500 - Class constructor ObjectId cannot be invoked without 'new' - /api/reviews/product/6971acc7e02c6322a0b8995e?page=1&sortBy=recent - GET - ::1","service":"farmer-ai-backend"}
{"level":"error","message":"TypeError: Class constructor ObjectId cannot be invoked without 'new'\n    at exports.getProductReviews (D:\\New folder\\intern\\Agri\\farmer_ai-backend\\src\\controllers\\reviewController.js:88:49)\n    at process.processTicksAndRejections (node:internal/process/task_queues:105:5)","service":"farmer-ai-backend"}
{"level":"error","message":"500 - Class constructor ObjectId cannot be invoked without 'new' - /api/reviews/product/6971acc7e02c6322a0b8995e?page=1&sortBy=recent - GET - ::1","service":"farmer-ai-backend"}
{"level":"error","message":"TypeError: Class constructor ObjectId cannot be invoked without 'new'\n    at exports.getProductReviews (D:\\New folder\\intern\\Agri\\farmer_ai-backend\\src\\controllers\\reviewController.js:88:49)\n    at process.processTicksAndRejections (node:internal/process/task_queues:105:5)","service":"farmer-ai-backend"}
{"level":"error","message":"500 - Class constructor ObjectId cannot be invoked without 'new' - /api/reviews/product/6971acc7e02c6322a0b8995e?page=1&sortBy=recent - GET - ::1","service":"farmer-ai-backend"}
{"level":"error","message":"TypeError: Class constructor ObjectId cannot be invoked without 'new'\n    at exports.getProductReviews (D:\\New folder\\intern\\Agri\\farmer_ai-backend\\src\\controllers\\reviewController.js:88:49)\n    at process.processTicksAndRejections (node:internal/process/task_queues:105:5)","service":"farmer-ai-backend"}
{"level":"error","message":"500 - Class constructor ObjectId cannot be invoked without 'new' - /api/reviews/product/6971acc7e02c6322a0b8995e?page=1&sortBy=recent - GET - ::1","service":"farmer-ai-backend"}
{"level":"error","message":"TypeError: Class constructor ObjectId cannot be invoked without 'new'\n    at exports.getProductReviews (D:\\New folder\\intern\\Agri\\farmer_ai-backend\\src\\controllers\\reviewController.js:88:49)\n    at process.processTicksAndRejections (node:internal/process/task_queues:105:5)","service":"farmer-ai-backend"}
{"level":"error","message":"500 - Class constructor ObjectId cannot be invoked without 'new' - /api/reviews/product/6971acc7e02c6322a0b8995e?page=1&sortBy=recent - GET - ::1","service":"farmer-ai-backend"}
{"level":"error","message":"TypeError: Class constructor ObjectId cannot be invoked without 'new'\n    at exports.getProductReviews (D:\\New folder\\intern\\Agri\\farmer_ai-backend\\src\\controllers\\reviewController.js:88:49)\n    at process.processTicksAndRejections (node:internal/process/task_queues:105:5)","service":"farmer-ai-backend"}
{"level":"error","message":"500 - Class constructor ObjectId cannot be invoked without 'new' - /api/reviews/product/6971acc7e02c6322a0b8995e?page=1&sortBy=recent - GET - ::1","service":"farmer-ai-backend"}
{"level":"error","message":"TypeError: Class constructor ObjectId cannot be invoked without 'new'\n    at exports.getProductReviews (D:\\New folder\\intern\\Agri\\farmer_ai-backend\\src\\controllers\\reviewController.js:88:49)\n    at process.processTicksAndRejections (node:internal/process/task_queues:105:5)","service":"farmer-ai-backend"}
{"level":"error","message":"500 - Class constructor ObjectId cannot be invoked without 'new' - /api/reviews/product/6971acc7e02c6322a0b8995e?page=1&sortBy=recent - GET - ::1","service":"farmer-ai-backend"}
{"level":"error","message":"TypeError: Class constructor ObjectId cannot be invoked without 'new'\n    at exports.getProductReviews (D:\\New folder\\intern\\Agri\\farmer_ai-backend\\src\\controllers\\reviewController.js:88:49)\n    at process.processTicksAndRejections (node:internal/process/task_queues:105:5)","service":"farmer-ai-backend"}
{"level":"error","message":"500 - Class constructor ObjectId cannot be invoked without 'new' - /api/reviews/product/6971acc7e02c6322a0b8995e?page=1&sortBy=recent - GET - ::1","service":"farmer-ai-backend"}
{"level":"error","message":"TypeError: Class constructor ObjectId cannot be invoked without 'new'\n    at exports.getProductReviews (D:\\New folder\\intern\\Agri\\farmer_ai-backend\\src\\controllers\\reviewController.js:88:49)\n    at process.processTicksAndRejections (node:internal/process/task_queues:105:5)","service":"farmer-ai-backend"}
{"level":"error","message":"500 - Class constructor ObjectId cannot be invoked without 'new' - /api/reviews/product/6971acc7e02c6322a0b8995e?page=1&sortBy=recent - GET - ::1","service":"farmer-ai-backend"}
{"level":"error","message":"TypeError: Class constructor ObjectId cannot be invoked without 'new'\n    at exports.getProductReviews (D:\\New folder\\intern\\Agri\\farmer_ai-backend\\src\\controllers\\reviewController.js:88:49)\n    at process.processTicksAndRejections (node:internal/process/task_queues:105:5)","service":"farmer-ai-backend"}
{"level":"error","message":"500 - Class constructor ObjectId cannot be invoked without 'new' - /api/reviews/product/6971acc7e02c6322a0b8995e?page=1&sortBy=recent - GET - ::1","service":"farmer-ai-backend"}
{"level":"error","message":"TypeError: Class constructor ObjectId cannot be invoked without 'new'\n    at exports.getProductReviews (D:\\New folder\\intern\\Agri\\farmer_ai-backend\\src\\controllers\\reviewController.js:88:49)\n    at process.processTicksAndRejections (node:internal/process/task_queues:105:5)","service":"farmer-ai-backend"}
{"level":"warn","message":"404 - Can't find /decision-support/analyze on this server! - /decision-support/analyze - POST - ::1","service":"farmer-ai-backend"}
{"level":"warn","message":"404 - Can't find /decision-support/analyze on this server! - /decision-support/analyze - POST - ::1","service":"farmer-ai-backend"}
{"level":"error","message":"500 - [GoogleGenerativeAI Error]: Error fetching from https://generativelanguage.googleapis.com/v1beta/models/gemini-pro:generateContent: [403 Forbidden] Permission denied: Consumer 'api_key:AIzaSyD79APiY2vm_MKwuScXLbv2lopLpPLuyiE' has been suspended. [{\"@type\":\"type.googleapis.com/google.rpc.ErrorInfo\",\"reason\":\"CONSUMER_SUSPENDED\",\"domain\":\"googleapis.com\",\"metadata\":{\"containerInfo\":\"api_key:AIzaSyD79APiY2vm_MKwuScXLbv2lopLpPLuyiE\",\"consumer\":\"projects/256256206147\",\"service\":\"generativelanguage.googleapis.com\"}},{\"@type\":\"type.googleapis.com/google.rpc.LocalizedMessage\",\"locale\":\"en-US\",\"message\":\"Permission denied: Consumer 'api_key:AIzaSyD79APiY2vm_MKwuScXLbv2lopLpPLuyiE' has been suspended.\"}] - /api/pest-prediction/analyze - POST - ::1","service":"farmer-ai-backend"}
{"level":"error","message":"Error: [GoogleGenerativeAI Error]: Error fetching from https://generativelanguage.googleapis.com/v1beta/models/gemini-pro:generateContent: [403 Forbidden] Permission denied: Consumer 'api_key:AIzaSyD79APiY2vm_MKwuScXLbv2lopLpPLuyiE' has been suspended. [{\"@type\":\"type.googleapis.com/google.rpc.ErrorInfo\",\"reason\":\"CONSUMER_SUSPENDED\",\"domain\":\"googleapis.com\",\"metadata\":{\"containerInfo\":\"api_key:AIzaSyD79APiY2vm_MKwuScXLbv2lopLpPLuyiE\",\"consumer\":\"projects/256256206147\",\"service\":\"generativelanguage.googleapis.com\"}},{\"@type\":\"type.googleapis.com/google.rpc.LocalizedMessage\",\"locale\":\"en-US\",\"message\":\"Permission denied: Consumer 'api_key:AIzaSyD79APiY2vm_MKwuScXLbv2lopLpPLuyiE' has been suspended.\"}]\n    at handleResponseNotOk (D:\\New folder\\intern\\Agri\\farmer_ai-backend\\node_modules\\@google\\generative-ai\\dist\\index.js:434:11)\n    at process.processTicksAndRejections (node:internal/process/task_queues:105:5)\n    at async makeRequest (D:\\New folder\\intern\\Agri\\farmer_ai-backend\\node_modules\\@google\\generative-ai\\dist\\index.js:403:9)\n    at async generateContent (D:\\New folder\\intern\\Agri\\farmer_ai-backend\\node_modules\\@google\\generative-ai\\dist\\index.js:867:22)\n    at async exports.generatePestPrediction (D:\\New folder\\intern\\Agri\\farmer_ai-backend\\src\\controllers\\pestPredictionController.js:109:24)","service":"farmer-ai-backend"}
{"level":"error","message":"500 - [GoogleGenerativeAI Error]: Error fetching from https://generativelanguage.googleapis.com/v1beta/models/gemini-pro:generateContent: [403 Forbidden] Permission denied: Consumer 'api_key:AIzaSyD79APiY2vm_MKwuScXLbv2lopLpPLuyiE' has been suspended. [{\"@type\":\"type.googleapis.com/google.rpc.ErrorInfo\",\"reason\":\"CONSUMER_SUSPENDED\",\"domain\":\"googleapis.com\",\"metadata\":{\"consumer\":\"projects/256256206147\",\"containerInfo\":\"api_key:AIzaSyD79APiY2vm_MKwuScXLbv2lopLpPLuyiE\",\"service\":\"generativelanguage.googleapis.com\"}},{\"@type\":\"type.googleapis.com/google.rpc.LocalizedMessage\",\"locale\":\"en-US\",\"message\":\"Permission denied: Consumer 'api_key:AIzaSyD79APiY2vm_MKwuScXLbv2lopLpPLuyiE' has been suspended.\"}] - /api/pest-prediction/analyze - POST - ::1","service":"farmer-ai-backend"}
{"level":"error","message":"Error: [GoogleGenerativeAI Error]: Error fetching from https://generativelanguage.googleapis.com/v1beta/models/gemini-pro:generateContent: [403 Forbidden] Permission denied: Consumer 'api_key:AIzaSyD79APiY2vm_MKwuScXLbv2lopLpPLuyiE' has been suspended. [{\"@type\":\"type.googleapis.com/google.rpc.ErrorInfo\",\"reason\":\"CONSUMER_SUSPENDED\",\"domain\":\"googleapis.com\",\"metadata\":{\"consumer\":\"projects/256256206147\",\"containerInfo\":\"api_key:AIzaSyD79APiY2vm_MKwuScXLbv2lopLpPLuyiE\",\"service\":\"generativelanguage.googleapis.com\"}},{\"@type\":\"type.googleapis.com/google.rpc.LocalizedMessage\",\"locale\":\"en-US\",\"message\":\"Permission denied: Consumer 'api_key:AIzaSyD79APiY2vm_MKwuScXLbv2lopLpPLuyiE' has been suspended.\"}]\n    at handleResponseNotOk (D:\\New folder\\intern\\Agri\\farmer_ai-backend\\node_modules\\@google\\generative-ai\\dist\\index.js:434:11)\n    at process.processTicksAndRejections (node:internal/process/task_queues:105:5)\n    at async makeRequest (D:\\New folder\\intern\\Agri\\farmer_ai-backend\\node_modules\\@google\\generative-ai\\dist\\index.js:403:9)\n    at async generateContent (D:\\New folder\\intern\\Agri\\farmer_ai-backend\\node_modules\\@google\\generative-ai\\dist\\index.js:867:22)\n    at async exports.generatePestPrediction (D:\\New folder\\intern\\Agri\\farmer_ai-backend\\src\\controllers\\pestPredictionController.js:109:24)","service":"farmer-ai-backend"}
{"level":"error","message":"500 - [GoogleGenerativeAI Error]: Error fetching from https://generativelanguage.googleapis.com/v1beta/models/gemini-pro:generateContent: [403 Forbidden] Permission denied: Consumer 'api_key:AIzaSyD79APiY2vm_MKwuScXLbv2lopLpPLuyiE' has been suspended. [{\"@type\":\"type.googleapis.com/google.rpc.ErrorInfo\",\"reason\":\"CONSUMER_SUSPENDED\",\"domain\":\"googleapis.com\",\"metadata\":{\"service\":\"generativelanguage.googleapis.com\",\"consumer\":\"projects/256256206147\",\"containerInfo\":\"api_key:AIzaSyD79APiY2vm_MKwuScXLbv2lopLpPLuyiE\"}},{\"@type\":\"type.googleapis.com/google.rpc.LocalizedMessage\",\"locale\":\"en-US\",\"message\":\"Permission denied: Consumer 'api_key:AIzaSyD79APiY2vm_MKwuScXLbv2lopLpPLuyiE' has been suspended.\"}] - /api/pest-prediction/analyze - POST - ::1","service":"farmer-ai-backend"}
{"level":"error","message":"Error: [GoogleGenerativeAI Error]: Error fetching from https://generativelanguage.googleapis.com/v1beta/models/gemini-pro:generateContent: [403 Forbidden] Permission denied: Consumer 'api_key:AIzaSyD79APiY2vm_MKwuScXLbv2lopLpPLuyiE' has been suspended. [{\"@type\":\"type.googleapis.com/google.rpc.ErrorInfo\",\"reason\":\"CONSUMER_SUSPENDED\",\"domain\":\"googleapis.com\",\"metadata\":{\"service\":\"generativelanguage.googleapis.com\",\"consumer\":\"projects/256256206147\",\"containerInfo\":\"api_key:AIzaSyD79APiY2vm_MKwuScXLbv2lopLpPLuyiE\"}},{\"@type\":\"type.googleapis.com/google.rpc.LocalizedMessage\",\"locale\":\"en-US\",\"message\":\"Permission denied: Consumer 'api_key:AIzaSyD79APiY2vm_MKwuScXLbv2lopLpPLuyiE' has been suspended.\"}]\n    at handleResponseNotOk (D:\\New folder\\intern\\Agri\\farmer_ai-backend\\node_modules\\@google\\generative-ai\\dist\\index.js:434:11)\n    at process.processTicksAndRejections (node:internal/process/task_queues:105:5)\n    at async makeRequest (D:\\New folder\\intern\\Agri\\farmer_ai-backend\\node_modules\\@google\\generative-ai\\dist\\index.js:403:9)\n    at async generateContent (D:\\New folder\\intern\\Agri\\farmer_ai-backend\\node_modules\\@google\\generative-ai\\dist\\index.js:867:22)\n    at async exports.generatePestPrediction (D:\\New folder\\intern\\Agri\\farmer_ai-backend\\src\\controllers\\pestPredictionController.js:109:24)","service":"farmer-ai-backend"}
{"level":"error","message":"500 - [GoogleGenerativeAI Error]: Error fetching from https://generativelanguage.googleapis.com/v1beta/models/gemini-pro:generateContent: [403 Forbidden] Permission denied: Consumer 'api_key:AIzaSyD79APiY2vm_MKwuScXLbv2lopLpPLuyiE' has been suspended. [{\"@type\":\"type.googleapis.com/google.rpc.ErrorInfo\",\"reason\":\"CONSUMER_SUSPENDED\",\"domain\":\"googleapis.com\",\"metadata\":{\"containerInfo\":\"api_key:AIzaSyD79APiY2vm_MKwuScXLbv2lopLpPLuyiE\",\"service\":\"generativelanguage.googleapis.com\",\"consumer\":\"projects/256256206147\"}},{\"@type\":\"type.googleapis.com/google.rpc.LocalizedMessage\",\"locale\":\"en-US\",\"message\":\"Permission denied: Consumer 'api_key:AIzaSyD79APiY2vm_MKwuScXLbv2lopLpPLuyiE' has been suspended.\"}] - /api/pest-prediction/analyze - POST - ::1","service":"farmer-ai-backend"}
{"level":"error","message":"Error: [GoogleGenerativeAI Error]: Error fetching from https://generativelanguage.googleapis.com/v1beta/models/gemini-pro:generateContent: [403 Forbidden] Permission denied: Consumer 'api_key:AIzaSyD79APiY2vm_MKwuScXLbv2lopLpPLuyiE' has been suspended. [{\"@type\":\"type.googleapis.com/google.rpc.ErrorInfo\",\"reason\":\"CONSUMER_SUSPENDED\",\"domain\":\"googleapis.com\",\"metadata\":{\"containerInfo\":\"api_key:AIzaSyD79APiY2vm_MKwuScXLbv2lopLpPLuyiE\",\"service\":\"generativelanguage.googleapis.com\",\"consumer\":\"projects/256256206147\"}},{\"@type\":\"type.googleapis.com/google.rpc.LocalizedMessage\",\"locale\":\"en-US\",\"message\":\"Permission denied: Consumer 'api_key:AIzaSyD79APiY2vm_MKwuScXLbv2lopLpPLuyiE' has been suspended.\"}]\n    at handleResponseNotOk (D:\\New folder\\intern\\Agri\\farmer_ai-backend\\node_modules\\@google\\generative-ai\\dist\\index.js:434:11)\n    at process.processTicksAndRejections (node:internal/process/task_queues:105:5)\n    at async makeRequest (D:\\New folder\\intern\\Agri\\farmer_ai-backend\\node_modules\\@google\\generative-ai\\dist\\index.js:403:9)\n    at async generateContent (D:\\New folder\\intern\\Agri\\farmer_ai-backend\\node_modules\\@google\\generative-ai\\dist\\index.js:867:22)\n    at async exports.generatePestPrediction (D:\\New folder\\intern\\Agri\\farmer_ai-backend\\src\\controllers\\pestPredictionController.js:109:24)","service":"farmer-ai-backend"}
{"level":"error","message":"500 - PestPrediction is not defined - /api/pest-prediction/my-predictions - GET - ::1","service":"farmer-ai-backend"}
{"level":"error","message":"ReferenceError: PestPrediction is not defined\n    at exports.getMyPredictions (D:\\New folder\\intern\\Agri\\farmer_ai-backend\\src\\controllers\\pestPredictionController.js:235:29)\n    at Layer.handleRequest (D:\\New folder\\intern\\Agri\\farmer_ai-backend\\node_modules\\router\\lib\\layer.js:152:17)\n    at next (D:\\New folder\\intern\\Agri\\farmer_ai-backend\\node_modules\\router\\lib\\route.js:157:13)\n    at Route.dispatch (D:\\New folder\\intern\\Agri\\farmer_ai-backend\\node_modules\\router\\lib\\route.js:117:3)\n    at handle (D:\\New folder\\intern\\Agri\\farmer_ai-backend\\node_modules\\router\\index.js:435:11)\n    at Layer.handleRequest (D:\\New folder\\intern\\Agri\\farmer_ai-backend\\node_modules\\router\\lib\\layer.js:152:17)\n    at D:\\New folder\\intern\\Agri\\farmer_ai-backend\\node_modules\\router\\index.js:295:15\n    at processParams (D:\\New folder\\intern\\Agri\\farmer_ai-backend\\node_modules\\router\\index.js:582:12)\n    at next (D:\\New folder\\intern\\Agri\\farmer_ai-backend\\node_modules\\router\\index.js:291:5)\n    at D:\\New folder\\intern\\Agri\\farmer_ai-backend\\src\\middleware\\auth.js:87:20","service":"farmer-ai-backend"}
{"level":"error","message":"500 - PestPrediction is not defined - /api/pest-prediction/my-predictions - GET - ::1","service":"farmer-ai-backend"}
{"level":"error","message":"ReferenceError: PestPrediction is not defined\n    at exports.getMyPredictions (D:\\New folder\\intern\\Agri\\farmer_ai-backend\\src\\controllers\\pestPredictionController.js:235:29)\n    at Layer.handleRequest (D:\\New folder\\intern\\Agri\\farmer_ai-backend\\node_modules\\router\\lib\\layer.js:152:17)\n    at next (D:\\New folder\\intern\\Agri\\farmer_ai-backend\\node_modules\\router\\lib\\route.js:157:13)\n    at Route.dispatch (D:\\New folder\\intern\\Agri\\farmer_ai-backend\\node_modules\\router\\lib\\route.js:117:3)\n    at handle (D:\\New folder\\intern\\Agri\\farmer_ai-backend\\node_modules\\router\\index.js:435:11)\n    at Layer.handleRequest (D:\\New folder\\intern\\Agri\\farmer_ai-backend\\node_modules\\router\\lib\\layer.js:152:17)\n    at D:\\New folder\\intern\\Agri\\farmer_ai-backend\\node_modules\\router\\index.js:295:15\n    at processParams (D:\\New folder\\intern\\Agri\\farmer_ai-backend\\node_modules\\router\\index.js:582:12)\n    at next (D:\\New folder\\intern\\Agri\\farmer_ai-backend\\node_modules\\router\\index.js:291:5)\n    at D:\\New folder\\intern\\Agri\\farmer_ai-backend\\src\\middleware\\auth.js:87:20","service":"farmer-ai-backend"}
{"level":"error","message":"500 - PestPrediction is not defined - /api/pest-prediction/my-predictions - GET - ::1","service":"farmer-ai-backend"}
{"level":"error","message":"ReferenceError: PestPrediction is not defined\n    at exports.getMyPredictions (D:\\New folder\\intern\\Agri\\farmer_ai-backend\\src\\controllers\\pestPredictionController.js:235:29)\n    at Layer.handleRequest (D:\\New folder\\intern\\Agri\\farmer_ai-backend\\node_modules\\router\\lib\\layer.js:152:17)\n    at next (D:\\New folder\\intern\\Agri\\farmer_ai-backend\\node_modules\\router\\lib\\route.js:157:13)\n    at Route.dispatch (D:\\New folder\\intern\\Agri\\farmer_ai-backend\\node_modules\\router\\lib\\route.js:117:3)\n    at handle (D:\\New folder\\intern\\Agri\\farmer_ai-backend\\node_modules\\router\\index.js:435:11)\n    at Layer.handleRequest (D:\\New folder\\intern\\Agri\\farmer_ai-backend\\node_modules\\router\\lib\\layer.js:152:17)\n    at D:\\New folder\\intern\\Agri\\farmer_ai-backend\\node_modules\\router\\index.js:295:15\n    at processParams (D:\\New folder\\intern\\Agri\\farmer_ai-backend\\node_modules\\router\\index.js:582:12)\n    at next (D:\\New folder\\intern\\Agri\\farmer_ai-backend\\node_modules\\router\\index.js:291:5)\n    at D:\\New folder\\intern\\Agri\\farmer_ai-backend\\src\\middleware\\auth.js:87:20","service":"farmer-ai-backend"}
{"level":"error","message":"500 - PestPrediction is not defined - /api/pest-prediction/my-predictions - GET - ::1","service":"farmer-ai-backend"}
{"level":"error","message":"ReferenceError: PestPrediction is not defined\n    at exports.getMyPredictions (D:\\New folder\\intern\\Agri\\farmer_ai-backend\\src\\controllers\\pestPredictionController.js:235:29)\n    at Layer.handleRequest (D:\\New folder\\intern\\Agri\\farmer_ai-backend\\node_modules\\router\\lib\\layer.js:152:17)\n    at next (D:\\New folder\\intern\\Agri\\farmer_ai-backend\\node_modules\\router\\lib\\route.js:157:13)\n    at Route.dispatch (D:\\New folder\\intern\\Agri\\farmer_ai-backend\\node_modules\\router\\lib\\route.js:117:3)\n    at handle (D:\\New folder\\intern\\Agri\\farmer_ai-backend\\node_modules\\router\\index.js:435:11)\n    at Layer.handleRequest (D:\\New folder\\intern\\Agri\\farmer_ai-backend\\node_modules\\router\\lib\\layer.js:152:17)\n    at D:\\New folder\\intern\\Agri\\farmer_ai-backend\\node_modules\\router\\index.js:295:15\n    at processParams (D:\\New folder\\intern\\Agri\\farmer_ai-backend\\node_modules\\router\\index.js:582:12)\n    at next (D:\\New folder\\intern\\Agri\\farmer_ai-backend\\node_modules\\router\\index.js:291:5)\n    at D:\\New folder\\intern\\Agri\\farmer_ai-backend\\src\\middleware\\auth.js:87:20","service":"farmer-ai-backend"}
{"level":"error","message":"500 - PestPrediction is not defined - /api/pest-prediction/my-predictions - GET - ::1","service":"farmer-ai-backend"}
{"level":"error","message":"ReferenceError: PestPrediction is not defined\n    at exports.getMyPredictions (D:\\New folder\\intern\\Agri\\farmer_ai-backend\\src\\controllers\\pestPredictionController.js:235:29)\n    at Layer.handleRequest (D:\\New folder\\intern\\Agri\\farmer_ai-backend\\node_modules\\router\\lib\\layer.js:152:17)\n    at next (D:\\New folder\\intern\\Agri\\farmer_ai-backend\\node_modules\\router\\lib\\route.js:157:13)\n    at Route.dispatch (D:\\New folder\\intern\\Agri\\farmer_ai-backend\\node_modules\\router\\lib\\route.js:117:3)\n    at handle (D:\\New folder\\intern\\Agri\\farmer_ai-backend\\node_modules\\router\\index.js:435:11)\n    at Layer.handleRequest (D:\\New folder\\intern\\Agri\\farmer_ai-backend\\node_modules\\router\\lib\\layer.js:152:17)\n    at D:\\New folder\\intern\\Agri\\farmer_ai-backend\\node_modules\\router\\index.js:295:15\n    at processParams (D:\\New folder\\intern\\Agri\\farmer_ai-backend\\node_modules\\router\\index.js:582:12)\n    at next (D:\\New folder\\intern\\Agri\\farmer_ai-backend\\node_modules\\router\\index.js:291:5)\n    at D:\\New folder\\intern\\Agri\\farmer_ai-backend\\src\\middleware\\auth.js:87:20","service":"farmer-ai-backend"}
{"level":"error","message":"500 - PestPrediction is not defined - /api/pest-prediction/my-predictions - GET - ::1","service":"farmer-ai-backend"}
{"level":"error","message":"ReferenceError: PestPrediction is not defined\n    at exports.getMyPredictions (D:\\New folder\\intern\\Agri\\farmer_ai-backend\\src\\controllers\\pestPredictionController.js:235:29)\n    at Layer.handleRequest (D:\\New folder\\intern\\Agri\\farmer_ai-backend\\node_modules\\router\\lib\\layer.js:152:17)\n    at next (D:\\New folder\\intern\\Agri\\farmer_ai-backend\\node_modules\\router\\lib\\route.js:157:13)\n    at Route.dispatch (D:\\New folder\\intern\\Agri\\farmer_ai-backend\\node_modules\\router\\lib\\route.js:117:3)\n    at handle (D:\\New folder\\intern\\Agri\\farmer_ai-backend\\node_modules\\router\\index.js:435:11)\n    at Layer.handleRequest (D:\\New folder\\intern\\Agri\\farmer_ai-backend\\node_modules\\router\\lib\\layer.js:152:17)\n    at D:\\New folder\\intern\\Agri\\farmer_ai-backend\\node_modules\\router\\index.js:295:15\n    at processParams (D:\\New folder\\intern\\Agri\\farmer_ai-backend\\node_modules\\router\\index.js:582:12)\n    at next (D:\\New folder\\intern\\Agri\\farmer_ai-backend\\node_modules\\router\\index.js:291:5)\n    at D:\\New folder\\intern\\Agri\\farmer_ai-backend\\src\\middleware\\auth.js:87:20","service":"farmer-ai-backend"}
{"level":"error","message":"500 - PestPrediction is not defined - /api/pest-prediction/my-predictions - GET - ::1","service":"farmer-ai-backend"}
{"level":"error","message":"ReferenceError: PestPrediction is not defined\n    at exports.getMyPredictions (D:\\New folder\\intern\\Agri\\farmer_ai-backend\\src\\controllers\\pestPredictionController.js:235:29)\n    at Layer.handleRequest (D:\\New folder\\intern\\Agri\\farmer_ai-backend\\node_modules\\router\\lib\\layer.js:152:17)\n    at next (D:\\New folder\\intern\\Agri\\farmer_ai-backend\\node_modules\\router\\lib\\route.js:157:13)\n    at Route.dispatch (D:\\New folder\\intern\\Agri\\farmer_ai-backend\\node_modules\\router\\lib\\route.js:117:3)\n    at handle (D:\\New folder\\intern\\Agri\\farmer_ai-backend\\node_modules\\router\\index.js:435:11)\n    at Layer.handleRequest (D:\\New folder\\intern\\Agri\\farmer_ai-backend\\node_modules\\router\\lib\\layer.js:152:17)\n    at D:\\New folder\\intern\\Agri\\farmer_ai-backend\\node_modules\\router\\index.js:295:15\n    at processParams (D:\\New folder\\intern\\Agri\\farmer_ai-backend\\node_modules\\router\\index.js:582:12)\n    at next (D:\\New folder\\intern\\Agri\\farmer_ai-backend\\node_modules\\router\\index.js:291:5)\n    at D:\\New folder\\intern\\Agri\\farmer_ai-backend\\src\\middleware\\auth.js:87:20","service":"farmer-ai-backend"}
{"level":"error","message":"500 - PestPrediction is not defined - /api/pest-prediction/my-predictions - GET - ::1","service":"farmer-ai-backend"}
{"level":"error","message":"ReferenceError: PestPrediction is not defined\n    at exports.getMyPredictions (D:\\New folder\\intern\\Agri\\farmer_ai-backend\\src\\controllers\\pestPredictionController.js:235:29)\n    at Layer.handleRequest (D:\\New folder\\intern\\Agri\\farmer_ai-backend\\node_modules\\router\\lib\\layer.js:152:17)\n    at next (D:\\New folder\\intern\\Agri\\farmer_ai-backend\\node_modules\\router\\lib\\route.js:157:13)\n    at Route.dispatch (D:\\New folder\\intern\\Agri\\farmer_ai-backend\\node_modules\\router\\lib\\route.js:117:3)\n    at handle (D:\\New folder\\intern\\Agri\\farmer_ai-backend\\node_modules\\router\\index.js:435:11)\n    at Layer.handleRequest (D:\\New folder\\intern\\Agri\\farmer_ai-backend\\node_modules\\router\\lib\\layer.js:152:17)\n    at D:\\New folder\\intern\\Agri\\farmer_ai-backend\\node_modules\\router\\index.js:295:15\n    at processParams (D:\\New folder\\intern\\Agri\\farmer_ai-backend\\node_modules\\router\\index.js:582:12)\n    at next (D:\\New folder\\intern\\Agri\\farmer_ai-backend\\node_modules\\router\\index.js:291:5)\n    at D:\\New folder\\intern\\Agri\\farmer_ai-backend\\src\\middleware\\auth.js:87:20","service":"farmer-ai-backend"}
{"level":"error","message":"500 - PestPrediction is not defined - /api/pest-prediction/my-predictions - GET - ::1","service":"farmer-ai-backend"}
{"level":"error","message":"ReferenceError: PestPrediction is not defined\n    at exports.getMyPredictions (D:\\New folder\\intern\\Agri\\farmer_ai-backend\\src\\controllers\\pestPredictionController.js:235:29)\n    at Layer.handleRequest (D:\\New folder\\intern\\Agri\\farmer_ai-backend\\node_modules\\router\\lib\\layer.js:152:17)\n    at next (D:\\New folder\\intern\\Agri\\farmer_ai-backend\\node_modules\\router\\lib\\route.js:157:13)\n    at Route.dispatch (D:\\New folder\\intern\\Agri\\farmer_ai-backend\\node_modules\\router\\lib\\route.js:117:3)\n    at handle (D:\\New folder\\intern\\Agri\\farmer_ai-backend\\node_modules\\router\\index.js:435:11)\n    at Layer.handleRequest (D:\\New folder\\intern\\Agri\\farmer_ai-backend\\node_modules\\router\\lib\\layer.js:152:17)\n    at D:\\New folder\\intern\\Agri\\farmer_ai-backend\\node_modules\\router\\index.js:295:15\n    at processParams (D:\\New folder\\intern\\Agri\\farmer_ai-backend\\node_modules\\router\\index.js:582:12)\n    at next (D:\\New folder\\intern\\Agri\\farmer_ai-backend\\node_modules\\router\\index.js:291:5)\n    at D:\\New folder\\intern\\Agri\\farmer_ai-backend\\src\\middleware\\auth.js:87:20","service":"farmer-ai-backend"}
{"level":"error","message":"500 - PestPrediction is not defined - /api/pest-prediction/my-predictions - GET - ::1","service":"farmer-ai-backend"}
{"level":"error","message":"ReferenceError: PestPrediction is not defined\n    at exports.getMyPredictions (D:\\New folder\\intern\\Agri\\farmer_ai-backend\\src\\controllers\\pestPredictionController.js:235:29)\n    at Layer.handleRequest (D:\\New folder\\intern\\Agri\\farmer_ai-backend\\node_modules\\router\\lib\\layer.js:152:17)\n    at next (D:\\New folder\\intern\\Agri\\farmer_ai-backend\\node_modules\\router\\lib\\route.js:157:13)\n    at Route.dispatch (D:\\New folder\\intern\\Agri\\farmer_ai-backend\\node_modules\\router\\lib\\route.js:117:3)\n    at handle (D:\\New folder\\intern\\Agri\\farmer_ai-backend\\node_modules\\router\\index.js:435:11)\n    at Layer.handleRequest (D:\\New folder\\intern\\Agri\\farmer_ai-backend\\node_modules\\router\\lib\\layer.js:152:17)\n    at D:\\New folder\\intern\\Agri\\farmer_ai-backend\\node_modules\\router\\index.js:295:15\n    at processParams (D:\\New folder\\intern\\Agri\\farmer_ai-backend\\node_modules\\router\\index.js:582:12)\n    at next (D:\\New folder\\intern\\Agri\\farmer_ai-backend\\node_modules\\router\\index.js:291:5)\n    at D:\\New folder\\intern\\Agri\\farmer_ai-backend\\src\\middleware\\auth.js:87:20","service":"farmer-ai-backend"}
{"level":"error","message":"500 - PestPrediction is not defined - /api/pest-prediction/my-predictions - GET - ::1","service":"farmer-ai-backend"}
{"level":"error","message":"ReferenceError: PestPrediction is not defined\n    at exports.getMyPredictions (D:\\New folder\\intern\\Agri\\farmer_ai-backend\\src\\controllers\\pestPredictionController.js:235:29)\n    at Layer.handleRequest (D:\\New folder\\intern\\Agri\\farmer_ai-backend\\node_modules\\router\\lib\\layer.js:152:17)\n    at next (D:\\New folder\\intern\\Agri\\farmer_ai-backend\\node_modules\\router\\lib\\route.js:157:13)\n    at Route.dispatch (D:\\New folder\\intern\\Agri\\farmer_ai-backend\\node_modules\\router\\lib\\route.js:117:3)\n    at handle (D:\\New folder\\intern\\Agri\\farmer_ai-backend\\node_modules\\router\\index.js:435:11)\n    at Layer.handleRequest (D:\\New folder\\intern\\Agri\\farmer_ai-backend\\node_modules\\router\\lib\\layer.js:152:17)\n    at D:\\New folder\\intern\\Agri\\farmer_ai-backend\\node_modules\\router\\index.js:295:15\n    at processParams (D:\\New folder\\intern\\Agri\\farmer_ai-backend\\node_modules\\router\\index.js:582:12)\n    at next (D:\\New folder\\intern\\Agri\\farmer_ai-backend\\node_modules\\router\\index.js:291:5)\n    at D:\\New folder\\intern\\Agri\\farmer_ai-backend\\src\\middleware\\auth.js:87:20","service":"farmer-ai-backend"}
{"level":"error","message":"500 - PestPrediction is not defined - /api/pest-prediction/my-predictions - GET - ::1","service":"farmer-ai-backend"}
{"level":"error","message":"ReferenceError: PestPrediction is not defined\n    at exports.getMyPredictions (D:\\New folder\\intern\\Agri\\farmer_ai-backend\\src\\controllers\\pestPredictionController.js:235:29)\n    at Layer.handleRequest (D:\\New folder\\intern\\Agri\\farmer_ai-backend\\node_modules\\router\\lib\\layer.js:152:17)\n    at next (D:\\New folder\\intern\\Agri\\farmer_ai-backend\\node_modules\\router\\lib\\route.js:157:13)\n    at Route.dispatch (D:\\New folder\\intern\\Agri\\farmer_ai-backend\\node_modules\\router\\lib\\route.js:117:3)\n    at handle (D:\\New folder\\intern\\Agri\\farmer_ai-backend\\node_modules\\router\\index.js:435:11)\n    at Layer.handleRequest (D:\\New folder\\intern\\Agri\\farmer_ai-backend\\node_modules\\router\\lib\\layer.js:152:17)\n    at D:\\New folder\\intern\\Agri\\farmer_ai-backend\\node_modules\\router\\index.js:295:15\n    at processParams (D:\\New folder\\intern\\Agri\\farmer_ai-backend\\node_modules\\router\\index.js:582:12)\n    at next (D:\\New folder\\intern\\Agri\\farmer_ai-backend\\node_modules\\router\\index.js:291:5)\n    at D:\\New folder\\intern\\Agri\\farmer_ai-backend\\src\\middleware\\auth.js:87:20","service":"farmer-ai-backend"}
{"level":"error","message":"500 - PestPrediction is not defined - /api/pest-prediction/my-predictions - GET - ::1","service":"farmer-ai-backend"}
{"level":"error","message":"ReferenceError: PestPrediction is not defined\n    at exports.getMyPredictions (D:\\New folder\\intern\\Agri\\farmer_ai-backend\\src\\controllers\\pestPredictionController.js:235:29)\n    at Layer.handleRequest (D:\\New folder\\intern\\Agri\\farmer_ai-backend\\node_modules\\router\\lib\\layer.js:152:17)\n    at next (D:\\New folder\\intern\\Agri\\farmer_ai-backend\\node_modules\\router\\lib\\route.js:157:13)\n    at Route.dispatch (D:\\New folder\\intern\\Agri\\farmer_ai-backend\\node_modules\\router\\lib\\route.js:117:3)\n    at handle (D:\\New folder\\intern\\Agri\\farmer_ai-backend\\node_modules\\router\\index.js:435:11)\n    at Layer.handleRequest (D:\\New folder\\intern\\Agri\\farmer_ai-backend\\node_modules\\router\\lib\\layer.js:152:17)\n    at D:\\New folder\\intern\\Agri\\farmer_ai-backend\\node_modules\\router\\index.js:295:15\n    at processParams (D:\\New folder\\intern\\Agri\\farmer_ai-backend\\node_modules\\router\\index.js:582:12)\n    at next (D:\\New folder\\intern\\Agri\\farmer_ai-backend\\node_modules\\router\\index.js:291:5)\n    at D:\\New folder\\intern\\Agri\\farmer_ai-backend\\src\\middleware\\auth.js:87:20","service":"farmer-ai-backend"}
{"level":"error","message":"500 - PestPrediction is not defined - /api/pest-prediction/my-predictions - GET - ::1","service":"farmer-ai-backend"}
{"level":"error","message":"ReferenceError: PestPrediction is not defined\n    at exports.getMyPredictions (D:\\New folder\\intern\\Agri\\farmer_ai-backend\\src\\controllers\\pestPredictionController.js:235:29)\n    at Layer.handleRequest (D:\\New folder\\intern\\Agri\\farmer_ai-backend\\node_modules\\router\\lib\\layer.js:152:17)\n    at next (D:\\New folder\\intern\\Agri\\farmer_ai-backend\\node_modules\\router\\lib\\route.js:157:13)\n    at Route.dispatch (D:\\New folder\\intern\\Agri\\farmer_ai-backend\\node_modules\\router\\lib\\route.js:117:3)\n    at handle (D:\\New folder\\intern\\Agri\\farmer_ai-backend\\node_modules\\router\\index.js:435:11)\n    at Layer.handleRequest (D:\\New folder\\intern\\Agri\\farmer_ai-backend\\node_modules\\router\\lib\\layer.js:152:17)\n    at D:\\New folder\\intern\\Agri\\farmer_ai-backend\\node_modules\\router\\index.js:295:15\n    at processParams (D:\\New folder\\intern\\Agri\\farmer_ai-backend\\node_modules\\router\\index.js:582:12)\n    at next (D:\\New folder\\intern\\Agri\\farmer_ai-backend\\node_modules\\router\\index.js:291:5)\n    at D:\\New folder\\intern\\Agri\\farmer_ai-backend\\src\\middleware\\auth.js:87:20","service":"farmer-ai-backend"}
{"level":"error","message":"500 - PestPrediction is not defined - /api/pest-prediction/my-predictions - GET - ::1","service":"farmer-ai-backend"}
{"level":"error","message":"ReferenceError: PestPrediction is not defined\n    at exports.getMyPredictions (D:\\New folder\\intern\\Agri\\farmer_ai-backend\\src\\controllers\\pestPredictionController.js:235:29)\n    at Layer.handleRequest (D:\\New folder\\intern\\Agri\\farmer_ai-backend\\node_modules\\router\\lib\\layer.js:152:17)\n    at next (D:\\New folder\\intern\\Agri\\farmer_ai-backend\\node_modules\\router\\lib\\route.js:157:13)\n    at Route.dispatch (D:\\New folder\\intern\\Agri\\farmer_ai-backend\\node_modules\\router\\lib\\route.js:117:3)\n    at handle (D:\\New folder\\intern\\Agri\\farmer_ai-backend\\node_modules\\router\\index.js:435:11)\n    at Layer.handleRequest (D:\\New folder\\intern\\Agri\\farmer_ai-backend\\node_modules\\router\\lib\\layer.js:152:17)\n    at D:\\New folder\\intern\\Agri\\farmer_ai-backend\\node_modules\\router\\index.js:295:15\n    at processParams (D:\\New folder\\intern\\Agri\\farmer_ai-backend\\node_modules\\router\\index.js:582:12)\n    at next (D:\\New folder\\intern\\Agri\\farmer_ai-backend\\node_modules\\router\\index.js:291:5)\n    at D:\\New folder\\intern\\Agri\\farmer_ai-backend\\src\\middleware\\auth.js:87:20","service":"farmer-ai-backend"}
{"level":"error","message":"500 - PestPrediction is not defined - /api/pest-prediction/my-predictions - GET - ::1","service":"farmer-ai-backend"}
{"level":"error","message":"ReferenceError: PestPrediction is not defined\n    at exports.getMyPredictions (D:\\New folder\\intern\\Agri\\farmer_ai-backend\\src\\controllers\\pestPredictionController.js:235:29)\n    at Layer.handleRequest (D:\\New folder\\intern\\Agri\\farmer_ai-backend\\node_modules\\router\\lib\\layer.js:152:17)\n    at next (D:\\New folder\\intern\\Agri\\farmer_ai-backend\\node_modules\\router\\lib\\route.js:157:13)\n    at Route.dispatch (D:\\New folder\\intern\\Agri\\farmer_ai-backend\\node_modules\\router\\lib\\route.js:117:3)\n    at handle (D:\\New folder\\intern\\Agri\\farmer_ai-backend\\node_modules\\router\\index.js:435:11)\n    at Layer.handleRequest (D:\\New folder\\intern\\Agri\\farmer_ai-backend\\node_modules\\router\\lib\\layer.js:152:17)\n    at D:\\New folder\\intern\\Agri\\farmer_ai-backend\\node_modules\\router\\index.js:295:15\n    at processParams (D:\\New folder\\intern\\Agri\\farmer_ai-backend\\node_modules\\router\\index.js:582:12)\n    at next (D:\\New folder\\intern\\Agri\\farmer_ai-backend\\node_modules\\router\\index.js:291:5)\n    at D:\\New folder\\intern\\Agri\\farmer_ai-backend\\src\\middleware\\auth.js:87:20","service":"farmer-ai-backend"}
{"level":"error","message":"500 - PestPrediction is not defined - /api/pest-prediction/my-predictions - GET - ::1","service":"farmer-ai-backend"}
{"level":"error","message":"ReferenceError: PestPrediction is not defined\n    at exports.getMyPredictions (D:\\New folder\\intern\\Agri\\farmer_ai-backend\\src\\controllers\\pestPredictionController.js:235:29)\n    at Layer.handleRequest (D:\\New folder\\intern\\Agri\\farmer_ai-backend\\node_modules\\router\\lib\\layer.js:152:17)\n    at next (D:\\New folder\\intern\\Agri\\farmer_ai-backend\\node_modules\\router\\lib\\route.js:157:13)\n    at Route.dispatch (D:\\New folder\\intern\\Agri\\farmer_ai-backend\\node_modules\\router\\lib\\route.js:117:3)\n    at handle (D:\\New folder\\intern\\Agri\\farmer_ai-backend\\node_modules\\router\\index.js:435:11)\n    at Layer.handleRequest (D:\\New folder\\intern\\Agri\\farmer_ai-backend\\node_modules\\router\\lib\\layer.js:152:17)\n    at D:\\New folder\\intern\\Agri\\farmer_ai-backend\\node_modules\\router\\index.js:295:15\n    at processParams (D:\\New folder\\intern\\Agri\\farmer_ai-backend\\node_modules\\router\\index.js:582:12)\n    at next (D:\\New folder\\intern\\Agri\\farmer_ai-backend\\node_modules\\router\\index.js:291:5)\n    at D:\\New folder\\intern\\Agri\\farmer_ai-backend\\src\\middleware\\auth.js:87:20","service":"farmer-ai-backend"}
{"level":"error","message":"500 - PestPrediction is not defined - /api/pest-prediction/my-predictions - GET - ::1","service":"farmer-ai-backend"}
{"level":"error","message":"ReferenceError: PestPrediction is not defined\n    at exports.getMyPredictions (D:\\New folder\\intern\\Agri\\farmer_ai-backend\\src\\controllers\\pestPredictionController.js:235:29)\n    at Layer.handleRequest (D:\\New folder\\intern\\Agri\\farmer_ai-backend\\node_modules\\router\\lib\\layer.js:152:17)\n    at next (D:\\New folder\\intern\\Agri\\farmer_ai-backend\\node_modules\\router\\lib\\route.js:157:13)\n    at Route.dispatch (D:\\New folder\\intern\\Agri\\farmer_ai-backend\\node_modules\\router\\lib\\route.js:117:3)\n    at handle (D:\\New folder\\intern\\Agri\\farmer_ai-backend\\node_modules\\router\\index.js:435:11)\n    at Layer.handleRequest (D:\\New folder\\intern\\Agri\\farmer_ai-backend\\node_modules\\router\\lib\\layer.js:152:17)\n    at D:\\New folder\\intern\\Agri\\farmer_ai-backend\\node_modules\\router\\index.js:295:15\n    at processParams (D:\\New folder\\intern\\Agri\\farmer_ai-backend\\node_modules\\router\\index.js:582:12)\n    at next (D:\\New folder\\intern\\Agri\\farmer_ai-backend\\node_modules\\router\\index.js:291:5)\n    at D:\\New folder\\intern\\Agri\\farmer_ai-backend\\src\\middleware\\auth.js:87:20","service":"farmer-ai-backend"}
{"level":"error","message":"500 - PestPrediction is not defined - /api/pest-prediction/my-predictions - GET - ::1","service":"farmer-ai-backend"}
{"level":"error","message":"ReferenceError: PestPrediction is not defined\n    at exports.getMyPredictions (D:\\New folder\\intern\\Agri\\farmer_ai-backend\\src\\controllers\\pestPredictionController.js:235:29)\n    at Layer.handleRequest (D:\\New folder\\intern\\Agri\\farmer_ai-backend\\node_modules\\router\\lib\\layer.js:152:17)\n    at next (D:\\New folder\\intern\\Agri\\farmer_ai-backend\\node_modules\\router\\lib\\route.js:157:13)\n    at Route.dispatch (D:\\New folder\\intern\\Agri\\farmer_ai-backend\\node_modules\\router\\lib\\route.js:117:3)\n    at handle (D:\\New folder\\intern\\Agri\\farmer_ai-backend\\node_modules\\router\\index.js:435:11)\n    at Layer.handleRequest (D:\\New folder\\intern\\Agri\\farmer_ai-backend\\node_modules\\router\\lib\\layer.js:152:17)\n    at D:\\New folder\\intern\\Agri\\farmer_ai-backend\\node_modules\\router\\index.js:295:15\n    at processParams (D:\\New folder\\intern\\Agri\\farmer_ai-backend\\node_modules\\router\\index.js:582:12)\n    at next (D:\\New folder\\intern\\Agri\\farmer_ai-backend\\node_modules\\router\\index.js:291:5)\n    at D:\\New folder\\intern\\Agri\\farmer_ai-backend\\src\\middleware\\auth.js:87:20","service":"farmer-ai-backend"}
{"level":"error","message":"500 - PestPrediction is not defined - /api/pest-prediction/my-predictions - GET - ::1","service":"farmer-ai-backend"}
{"level":"error","message":"ReferenceError: PestPrediction is not defined\n    at exports.getMyPredictions (D:\\New folder\\intern\\Agri\\farmer_ai-backend\\src\\controllers\\pestPredictionController.js:235:29)\n    at Layer.handleRequest (D:\\New folder\\intern\\Agri\\farmer_ai-backend\\node_modules\\router\\lib\\layer.js:152:17)\n    at next (D:\\New folder\\intern\\Agri\\farmer_ai-backend\\node_modules\\router\\lib\\route.js:157:13)\n    at Route.dispatch (D:\\New folder\\intern\\Agri\\farmer_ai-backend\\node_modules\\router\\lib\\route.js:117:3)\n    at handle (D:\\New folder\\intern\\Agri\\farmer_ai-backend\\node_modules\\router\\index.js:435:11)\n    at Layer.handleRequest (D:\\New folder\\intern\\Agri\\farmer_ai-backend\\node_modules\\router\\lib\\layer.js:152:17)\n    at D:\\New folder\\intern\\Agri\\farmer_ai-backend\\node_modules\\router\\index.js:295:15\n    at processParams (D:\\New folder\\intern\\Agri\\farmer_ai-backend\\node_modules\\router\\index.js:582:12)\n    at next (D:\\New folder\\intern\\Agri\\farmer_ai-backend\\node_modules\\router\\index.js:291:5)\n    at D:\\New folder\\intern\\Agri\\farmer_ai-backend\\src\\middleware\\auth.js:87:20","service":"farmer-ai-backend"}
{"level":"error","message":"500 - Failed to generate pest risk prediction - /api/pest-prediction/analyze - POST - ::1","service":"farmer-ai-backend"}
{"level":"error","message":"Error: Failed to generate pest risk prediction\n    at exports.generatePestPrediction (D:\\New folder\\intern\\Agri\\farmer_ai-backend\\src\\controllers\\pestPredictionController.js:129:19)\n    at process.processTicksAndRejections (node:internal/process/task_queues:105:5)","service":"farmer-ai-backend"}
{"level":"warn","message":"404 - Can't find /api/weather/current?lat=28.61&lon=77.2 on this server! - /api/weather/current?lat=28.61&lon=77.2 - GET - ::1","service":"farmer-ai-backend"}
{"level":"warn","message":"404 - Can't find /api/weather/current?lat=28.61&lon=77.2 on this server! - /api/weather/current?lat=28.61&lon=77.2 - GET - ::1","service":"farmer-ai-backend"}
{"level":"warn","message":"404 - Can't find /api/weather/forecast?lat=28.61&lon=77.2 on this server! - /api/weather/forecast?lat=28.61&lon=77.2 - GET - ::1","service":"farmer-ai-backend"}
{"level":"warn","message":"404 - Can't find /api/weather/forecast?lat=28.61&lon=77.2 on this server! - /api/weather/forecast?lat=28.61&lon=77.2 - GET - ::1","service":"farmer-ai-backend"}
{"level":"warn","message":"404 - Can't find /api/marketplace/reviews/product/69730a52c242cc9f4c1b1f77 on this server! - /api/marketplace/reviews/product/69730a52c242cc9f4c1b1f77 - GET - ::1","service":"farmer-ai-backend"}
{"level":"warn","message":"404 - Can't find /api/marketplace/reviews/product/6970ee43ef4ab270e2478ede on this server! - /api/marketplace/reviews/product/6970ee43ef4ab270e2478ede - GET - ::1","service":"farmer-ai-backend"}
{"level":"warn","message":"404 - Can't find /api/dashboard/priority-actions on this server! - /api/dashboard/priority-actions - GET - ::1","service":"farmer-ai-backend"}
{"level":"warn","message":"404 - Can't find /api/dashboard/priority-actions on this server! - /api/dashboard/priority-actions - GET - ::1","service":"farmer-ai-backend"}
{"level":"warn","message":"404 - Can't find /api/dashboard/priority-actions on this server! - /api/dashboard/priority-actions - GET - ::1","service":"farmer-ai-backend"}
{"level":"warn","message":"404 - Can't find /api/dashboard/priority-actions on this server! - /api/dashboard/priority-actions - GET - ::1","service":"farmer-ai-backend"}
{"level":"warn","message":"404 - Can't find /api/dashboard/priority-actions on this server! - /api/dashboard/priority-actions - GET - ::1","service":"farmer-ai-backend"}
{"level":"warn","message":"404 - Can't find /api/dashboard/insights on this server! - /api/dashboard/insights - GET - ::1","service":"farmer-ai-backend"}
{"level":"warn","message":"404 - Can't find /api/dashboard/priority-actions on this server! - /api/dashboard/priority-actions - GET - ::1","service":"farmer-ai-backend"}
{"level":"warn","message":"404 - Can't find /api/dashboard/insights on this server! - /api/dashboard/insights - GET - ::1","service":"farmer-ai-backend"}
{"level":"warn","message":"404 - Can't find /api/dashboard/insights on this server! - /api/dashboard/insights - GET - ::1","service":"farmer-ai-backend"}
{"level":"warn","message":"404 - Can't find /api/dashboard/priority-actions on this server! - /api/dashboard/priority-actions - GET - ::1","service":"farmer-ai-backend"}
{"level":"warn","message":"404 - Can't find /api/dashboard/insights on this server! - /api/dashboard/insights - HEAD - ::1","service":"farmer-ai-backend"}
{"level":"warn","message":"404 - Can't find /api/dashboard/priority-actions on this server! - /api/dashboard/priority-actions - HEAD - ::1","service":"farmer-ai-backend"}
{"level":"warn","message":"404 - Can't find /api/dashboard/insights on this server! - /api/dashboard/insights - GET - ::1","service":"farmer-ai-backend"}
{"level":"error","message":"500 - Not allowed by CORS - /api/homepage - GET - ::1","service":"farmer-ai-backend"}
{"level":"error","message":"Error: Not allowed by CORS\n    at origin (D:\\New folder\\intern\\Agri\\farmer_ai-backend\\server.js:42:22)\n    at D:\\New folder\\intern\\Agri\\farmer_ai-backend\\node_modules\\cors\\lib\\index.js:219:13\n    at optionsCallback (D:\\New folder\\intern\\Agri\\farmer_ai-backend\\node_modules\\cors\\lib\\index.js:199:9)\n    at corsMiddleware (D:\\New folder\\intern\\Agri\\farmer_ai-backend\\node_modules\\cors\\lib\\index.js:204:7)\n    at Layer.handleRequest (D:\\New folder\\intern\\Agri\\farmer_ai-backend\\node_modules\\router\\lib\\layer.js:152:17)\n    at trimPrefix (D:\\New folder\\intern\\Agri\\farmer_ai-backend\\node_modules\\router\\index.js:342:13)\n    at D:\\New folder\\intern\\Agri\\farmer_ai-backend\\node_modules\\router\\index.js:297:9\n    at processParams (D:\\New folder\\intern\\Agri\\farmer_ai-backend\\node_modules\\router\\index.js:582:12)\n    at next (D:\\New folder\\intern\\Agri\\farmer_ai-backend\\node_modules\\router\\index.js:291:5)\n    at internalNext (D:\\New folder\\intern\\Agri\\farmer_ai-backend\\node_modules\\helmet\\index.cjs:531:6)","service":"farmer-ai-backend"}
{"level":"error","message":"500 - Not allowed by CORS - /api/homepage - GET - ::1","service":"farmer-ai-backend"}
{"level":"error","message":"Error: Not allowed by CORS\n    at origin (D:\\New folder\\intern\\Agri\\farmer_ai-backend\\server.js:42:22)\n    at D:\\New folder\\intern\\Agri\\farmer_ai-backend\\node_modules\\cors\\lib\\index.js:219:13\n    at optionsCallback (D:\\New folder\\intern\\Agri\\farmer_ai-backend\\node_modules\\cors\\lib\\index.js:199:9)\n    at corsMiddleware (D:\\New folder\\intern\\Agri\\farmer_ai-backend\\node_modules\\cors\\lib\\index.js:204:7)\n    at Layer.handleRequest (D:\\New folder\\intern\\Agri\\farmer_ai-backend\\node_modules\\router\\lib\\layer.js:152:17)\n    at trimPrefix (D:\\New folder\\intern\\Agri\\farmer_ai-backend\\node_modules\\router\\index.js:342:13)\n    at D:\\New folder\\intern\\Agri\\farmer_ai-backend\\node_modules\\router\\index.js:297:9\n    at processParams (D:\\New folder\\intern\\Agri\\farmer_ai-backend\\node_modules\\router\\index.js:582:12)\n    at next (D:\\New folder\\intern\\Agri\\farmer_ai-backend\\node_modules\\router\\index.js:291:5)\n    at internalNext (D:\\New folder\\intern\\Agri\\farmer_ai-backend\\node_modules\\helmet\\index.cjs:531:6)","service":"farmer-ai-backend"}
{"level":"warn","message":"404 - Can't find /api/marketplace/reviews/product/699c7ad3bec11e93276cc5d9 on this server! - /api/marketplace/reviews/product/699c7ad3bec11e93276cc5d9 - GET - ::1","service":"farmer-ai-backend"}
{"level":"warn","message":"404 - Can't find /api/placeholder/80/80 on this server! - /api/placeholder/80/80 - GET - ::1","service":"farmer-ai-backend"}
{"level":"warn","message":"404 - Can't find /api/placeholder/80/80 on this server! - /api/placeholder/80/80 - GET - ::1","service":"farmer-ai-backend"}
{"level":"warn","message":"404 - Can't find /logistics/predict-risk on this server! - /logistics/predict-risk - POST - ::1","service":"farmer-ai-backend"}
{"level":"warn","message":"404 - Can't find /logistics/predict-risk on this server! - /logistics/predict-risk - POST - ::1","service":"farmer-ai-backend"}
{"level":"warn","message":"404 - Can't find /api/yield/health on this server! - /api/yield/health - GET - ::1","service":"farmer-ai-backend"}
{"level":"warn","message":"404 - Can't find /api/yield/health on this server! - /api/yield/health - GET - ::1","service":"farmer-ai-backend"}
{"level":"warn","message":"404 - Can't find /api/yield/health on this server! - /api/yield/health - GET - ::1","service":"farmer-ai-backend"}
{"level":"warn","message":"404 - Can't find /api/yield/health on this server! - /api/yield/health - GET - ::1","service":"farmer-ai-backend"}
{"level":"warn","message":"404 - Can't find /api/yield/health on this server! - /api/yield/health - GET - ::1","service":"farmer-ai-backend"}
{"level":"warn","message":"404 - Can't find /api/yield/health on this server! - /api/yield/health - GET - ::1","service":"farmer-ai-backend"}
{"level":"warn","message":"404 - Can't find /farms on this server! - /farms - GET - ::1","service":"farmer-ai-backend"}
{"level":"warn","message":"404 - Can't find /farms on this server! - /farms - GET - ::1","service":"farmer-ai-backend"}
{"level":"warn","message":"404 - Can't find /farms on this server! - /farms - GET - ::1","service":"farmer-ai-backend"}
{"level":"warn","message":"404 - Can't find /farms on this server! - /farms - GET - ::1","service":"farmer-ai-backend"}
{"level":"warn","message":"404 - Can't find /weather/check-user-farms on this server! - /weather/check-user-farms - POST - ::1","service":"farmer-ai-backend"}
{"level":"warn","message":"404 - Can't find /farms on this server! - /farms - GET - ::1","service":"farmer-ai-backend"}
{"level":"warn","message":"404 - Can't find /farms on this server! - /farms - GET - ::1","service":"farmer-ai-backend"}
{"level":"warn","message":"404 - Can't find /farms on this server! - /farms - GET - ::1","service":"farmer-ai-backend"}
{"level":"warn","message":"404 - Can't find /farms on this server! - /farms - GET - ::1","service":"farmer-ai-backend"}
{"level":"warn","message":"404 - Can't find /farms on this server! - /farms - GET - ::1","service":"farmer-ai-backend"}
{"level":"warn","message":"404 - Can't find /farms on this server! - /farms - GET - ::1","service":"farmer-ai-backend"}
{"level":"warn","message":"404 - Can't find /farms on this server! - /farms - GET - ::1","service":"farmer-ai-backend"}
{"level":"warn","message":"404 - Can't find /weather/check-user-farms on this server! - /weather/check-user-farms - POST - ::1","service":"farmer-ai-backend"}
{"level":"warn","message":"404 - Can't find /farms on this server! - /farms - GET - ::1","service":"farmer-ai-backend"}
{"level":"warn","message":"404 - Can't find /farms on this server! - /farms - GET - ::1","service":"farmer-ai-backend"}
{"level":"warn","message":"404 - Can't find /farms on this server! - /farms - GET - ::1","service":"farmer-ai-backend"}
{"level":"warn","message":"404 - Can't find /farms on this server! - /farms - GET - ::1","service":"farmer-ai-backend"}
{"level":"warn","message":"404 - Can't find /farms on this server! - /farms - GET - ::1","service":"farmer-ai-backend"}
{"level":"warn","message":"404 - Can't find /farms on this server! - /farms - GET - ::1","service":"farmer-ai-backend"}
{"level":"warn","message":"404 - Can't find /farms on this server! - /farms - GET - ::1","service":"farmer-ai-backend"}
{"level":"warn","message":"404 - Can't find /farms on this server! - /farms - GET - ::1","service":"farmer-ai-backend"}
{"level":"warn","message":"404 - Can't find /farms on this server! - /farms - GET - ::1","service":"farmer-ai-backend"}
{"level":"warn","message":"404 - Can't find /farms on this server! - /farms - GET - ::1","service":"farmer-ai-backend"}
{"level":"warn","message":"404 - Can't find /farms on this server! - /farms - GET - ::1","service":"farmer-ai-backend"}
{"level":"warn","message":"404 - Can't find /farms on this server! - /farms - GET - ::1","service":"farmer-ai-backend"}
{"level":"warn","message":"404 - Can't find /farms on this server! - /farms - GET - ::1","service":"farmer-ai-backend"}
{"level":"warn","message":"404 - Can't find /farms on this server! - /farms - GET - ::1","service":"farmer-ai-backend"}
{"level":"warn","message":"404 - Can't find /farms on this server! - /farms - GET - ::1","service":"farmer-ai-backend"}
{"level":"warn","message":"404 - Can't find /farms on this server! - /farms - GET - ::1","service":"farmer-ai-backend"}
{"level":"warn","message":"404 - Can't find /farms on this server! - /farms - GET - ::1","service":"farmer-ai-backend"}
{"level":"warn","message":"404 - Can't find /farms on this server! - /farms - GET - ::1","service":"farmer-ai-backend"}
{"level":"warn","message":"404 - Can't find /farms on this server! - /farms - GET - ::1","service":"farmer-ai-backend"}
{"level":"warn","message":"404 - Can't find /farms on this server! - /farms - GET - ::1","service":"farmer-ai-backend"}
{"level":"warn","message":"404 - Can't find /farms on this server! - /farms - GET - ::1","service":"farmer-ai-backend"}
{"level":"warn","message":"404 - Can't find /farms on this server! - /farms - GET - ::1","service":"farmer-ai-backend"}
{"level":"warn","message":"404 - Can't find /farms on this server! - /farms - GET - ::1","service":"farmer-ai-backend"}
{"level":"warn","message":"404 - Can't find /farms on this server! - /farms - GET - ::1","service":"farmer-ai-backend"}
{"level":"warn","message":"404 - Can't find /farms on this server! - /farms - GET - ::1","service":"farmer-ai-backend"}
{"level":"warn","message":"404 - Can't find /farms on this server! - /farms - GET - ::1","service":"farmer-ai-backend"}
{"level":"warn","message":"404 - Can't find /farms on this server! - /farms - GET - ::1","service":"farmer-ai-backend"}
{"level":"warn","message":"404 - Can't find /farms on this server! - /farms - GET - ::1","service":"farmer-ai-backend"}
{"level":"warn","message":"404 - Can't find /weather/farm/69a44f9ddca2eee2c3bfa49e on this server! - /weather/farm/69a44f9ddca2eee2c3bfa49e - GET - ::1","service":"farmer-ai-backend"}
{"level":"warn","message":"404 - Can't find /api/crop-intelligence/query on this server! - /api/crop-intelligence/query - POST - ::1","service":"farmer-ai-backend"}
{"level":"warn","message":"404 - Can't find /weather/farm/69a44f9ddca2eee2c3bfa49e on this server! - /weather/farm/69a44f9ddca2eee2c3bfa49e - GET - ::1","service":"farmer-ai-backend"}
{"level":"warn","message":"404 - Can't find /weather/farm/69a44f9ddca2eee2c3bfa49e on this server! - /weather/farm/69a44f9ddca2eee2c3bfa49e - GET - ::1","service":"farmer-ai-backend"}
{"level":"warn","message":"404 - Can't find /weather/farm/69a44f9ddca2eee2c3bfa49e on this server! - /weather/farm/69a44f9ddca2eee2c3bfa49e - GET - ::1","service":"farmer-ai-backend"}
{"level":"warn","message":"404 - Can't find /weather/farm/69a44f9ddca2eee2c3bfa49e on this server! - /weather/farm/69a44f9ddca2eee2c3bfa49e - GET - ::1","service":"farmer-ai-backend"}
{"level":"warn","message":"404 - Can't find /weather/farm/69a44f9ddca2eee2c3bfa49e on this server! - /weather/farm/69a44f9ddca2eee2c3bfa49e - GET - ::1","service":"farmer-ai-backend"}
{"level":"warn","message":"404 - Can't find /weather/farm/69a44f9ddca2eee2c3bfa49e on this server! - /weather/farm/69a44f9ddca2eee2c3bfa49e - GET - ::1","service":"farmer-ai-backend"}
{"level":"warn","message":"404 - Can't find /api/yield/health on this server! - /api/yield/health - GET - ::1","service":"farmer-ai-backend"}
{"level":"warn","message":"404 - Can't find /api/yield/health on this server! - /api/yield/health - GET - ::1","service":"farmer-ai-backend"}
{"level":"warn","message":"404 - Can't find /api/yield/health on this server! - /api/yield/health - GET - ::1","service":"farmer-ai-backend"}
{"level":"warn","message":"404 - Can't find /api/farms/69a44f9ddca2eee2c3bfa49e/crop-cycles on this server! - /api/farms/69a44f9ddca2eee2c3bfa49e/crop-cycles - GET - ::1","service":"farmer-ai-backend"}
{"level":"warn","message":"404 - Can't find /api/farms/69a44f9ddca2eee2c3bfa49e/crop-cycles on this server! - /api/farms/69a44f9ddca2eee2c3bfa49e/crop-cycles - GET - ::1","service":"farmer-ai-backend"}
{"level":"warn","message":"404 - Can't find /api/finance/minibank/wallet/balance on this server! - /api/finance/minibank/wallet/balance - GET - ::1","service":"farmer-ai-backend"}
{"level":"warn","message":"404 - Can't find /api/finance/minibank/transactions/recent?limit=5 on this server! - /api/finance/minibank/transactions/recent?limit=5 - GET - ::1","service":"farmer-ai-backend"}
{"level":"warn","message":"404 - Can't find /api/finance/minibank/bills/upcoming on this server! - /api/finance/minibank/bills/upcoming - GET - ::1","service":"farmer-ai-backend"}
{"level":"warn","message":"404 - Can't find /api/finance/minibank/savings/goals on this server! - /api/finance/minibank/savings/goals - GET - ::1","service":"farmer-ai-backend"}
{"level":"warn","message":"404 - Can't find /api/finance/minibank/fixed-deposits/active on this server! - /api/finance/minibank/fixed-deposits/active - GET - ::1","service":"farmer-ai-backend"}
{"level":"warn","message":"404 - Can't find /api/finance/minibank/wallet/balance on this server! - /api/finance/minibank/wallet/balance - GET - ::1","service":"farmer-ai-backend"}
{"level":"warn","message":"404 - Can't find /api/finance/minibank/transactions/recent?limit=5 on this server! - /api/finance/minibank/transactions/recent?limit=5 - GET - ::1","service":"farmer-ai-backend"}
{"level":"warn","message":"404 - Can't find /api/finance/minibank/bills/upcoming on this server! - /api/finance/minibank/bills/upcoming - GET - ::1","service":"farmer-ai-backend"}
{"level":"warn","message":"404 - Can't find /api/finance/minibank/savings/goals on this server! - /api/finance/minibank/savings/goals - GET - ::1","service":"farmer-ai-backend"}
{"level":"warn","message":"404 - Can't find /api/finance/minibank/fixed-deposits/active on this server! - /api/finance/minibank/fixed-deposits/active - GET - ::1","service":"farmer-ai-backend"}
{"level":"warn","message":"404 - Can't find /api/finance/minibank/wallet/balance on this server! - /api/finance/minibank/wallet/balance - GET - ::1","service":"farmer-ai-backend"}
{"level":"warn","message":"404 - Can't find /api/finance/minibank/savings/goals on this server! - /api/finance/minibank/savings/goals - GET - ::1","service":"farmer-ai-backend"}
{"level":"warn","message":"404 - Can't find /api/finance/minibank/transactions/recent?limit=5 on this server! - /api/finance/minibank/transactions/recent?limit=5 - GET - ::1","service":"farmer-ai-backend"}
{"level":"warn","message":"404 - Can't find /api/finance/minibank/bills/upcoming on this server! - /api/finance/minibank/bills/upcoming - GET - ::1","service":"farmer-ai-backend"}
{"level":"warn","message":"404 - Can't find /api/finance/minibank/fixed-deposits/active on this server! - /api/finance/minibank/fixed-deposits/active - GET - ::1","service":"farmer-ai-backend"}
{"level":"warn","message":"404 - Can't find /api/finance/minibank/wallet/balance on this server! - /api/finance/minibank/wallet/balance - GET - ::1","service":"farmer-ai-backend"}
{"level":"warn","message":"404 - Can't find /api/finance/minibank/savings/goals on this server! - /api/finance/minibank/savings/goals - GET - ::1","service":"farmer-ai-backend"}
{"level":"warn","message":"404 - Can't find /api/finance/minibank/transactions/recent?limit=5 on this server! - /api/finance/minibank/transactions/recent?limit=5 - GET - ::1","service":"farmer-ai-backend"}
{"level":"warn","message":"404 - Can't find /api/finance/minibank/bills/upcoming on this server! - /api/finance/minibank/bills/upcoming - GET - ::1","service":"farmer-ai-backend"}
{"level":"warn","message":"404 - Can't find /api/finance/minibank/fixed-deposits/active on this server! - /api/finance/minibank/fixed-deposits/active - GET - ::1","service":"farmer-ai-backend"}
{"level":"warn","message":"404 - Can't find /api/farms/69a44f9ddca2eee2c3bfa49e/crop-cycles on this server! - /api/farms/69a44f9ddca2eee2c3bfa49e/crop-cycles - GET - ::1","service":"farmer-ai-backend"}
{"level":"warn","message":"404 - Can't find /api/farms/69a44f9ddca2eee2c3bfa49e/crop-cycles on this server! - /api/farms/69a44f9ddca2eee2c3bfa49e/crop-cycles - GET - ::1","service":"farmer-ai-backend"}
